{"0": {"stars": [4.0], "Location_id": [0], "POI": "Independent", "POI_Type": 0, "L2_Category_name": [0]}, "1": {"stars": [4.0], "Location_id": [1], "POI": "Independent", "POI_Type": 0, "L2_Category_name": [1]}, "2": {"stars": [5.0], "Location_id": [2], "POI": "Independent", "POI_Type": 0, "L2_Category_name": [2]}, "3": {"stars": [3.0], "Location_id": [3], "POI": "Independent", "POI_Type": 0, "L2_Category_name": [3]}, "4": {"stars": [3.5], "Location_id": [4], "POI": "Independent", "POI_Type": 0, "L2_Category_name": [0]}, "5": {"stars": [3.5], "Location_id": [5], "POI": "Independent", "POI_Type": 0, "L2_Category_name": [4]}, "6": {"stars": [2.5], "Location_id": [6], "POI": "Independent", "POI_Type": 0, "L2_Category_name": [5]}, "7": {"stars": [4.0], "Location_id": [7], "POI": "Independent", "POI_Type": 0, "L2_Category_name": [6]}, "8": {"stars": [3.5], "Location_id": [8], "POI": "Independent", "POI_Type": 0, "L2_Category_name": [7]}, "9": {"stars": [4.0], "Location_id": [9], "POI": "Independent", "POI_Type": 0, "L2_Category_name": [4]}, "10": {"stars": [2.0], "Location_id": [10], "POI": "Independent", "POI_Type": 0, "L2_Category_name": [8]}, "11": {"stars": [2.5], "Location_id": [11], "POI": "Independent", "POI_Type": 0, "L2_Category_name": [9]}, "12": {"stars": [4.5, 3.5, 3.0, 4.5, 4.0], "Location_id": [12, 20, 91, 472, 673], "POI": "Combined", "POI_Type": 1, "L2_Category_name": [10, 2, 32, 0, 12]}, "13": {"stars": [4.0], "Location_id": [13], "POI": "Independent", "POI_Type": 0, "L2_Category_name": [11]}, "14": {"stars": [3.5], "Location_id": [14], "POI": "Independent", "POI_Type": 0, "L2_Category_name": [12]}, "15": {"stars": [3.5], "Location_id": [15], "POI": "Independent", "POI_Type": 0, "L2_Category_name": [0]}, "16": {"stars": [4.5], "Location_id": [16], "POI": "Independent", "POI_Type": 0, "L2_Category_name": [13]}, "17": {"stars": [5.0], "Location_id": [17], "POI": "Independent", "POI_Type": 0, "L2_Category_name": [0]}, "18": {"stars": [4.0, 2.5, 1.5, 3.0, 3.0, 3.5, 3.0, 2.5, 4.0, 3.0, 4.0, 4.0, 3.0], "Location_id": [18, 33, 42, 43, 57, 212, 213, 262, 392, 395, 400, 501, 636], "POI": "Combined", "POI_Type": 1, "L2_Category_name": [5, 17, 23, 15, 15, 76, 43, 87, 66, 76, 76, 87, 37]}, "19": {"stars": [4.0], "Location_id": [19], "POI": "Independent", "POI_Type": 0, "L2_Category_name": [10]}, "20": {"stars": [3.5], "Location_id": [21], "POI": "Independent", "POI_Type": 0, "L2_Category_name": [1]}, "21": {"stars": [3.5], "Location_id": [22], "POI": "Independent", "POI_Type": 0, "L2_Category_name": [5]}, "22": {"stars": [3.0], "Location_id": [23], "POI": "Independent", "POI_Type": 0, "L2_Category_name": [4]}, "23": {"stars": [3.5, 3.5, 4.0, 4.0, 4.0, 4.0], "Location_id": [24, 25, 304, 413, 485, 568], "POI": "Combined", "POI_Type": 1, "L2_Category_name": [10, 10, 2, 3, 1, 1]}, "24": {"stars": [2.5], "Location_id": [26], "POI": "Independent", "POI_Type": 0, "L2_Category_name": [14]}, "25": {"stars": [2.0], "Location_id": [27], "POI": "Independent", "POI_Type": 0, "L2_Category_name": [12]}, "26": {"stars": [3.5], "Location_id": [28], "POI": "Independent", "POI_Type": 0, "L2_Category_name": [4]}, "27": {"stars": [2.0], "Location_id": [29], "POI": "Independent", "POI_Type": 0, "L2_Category_name": [0]}, "28": {"stars": [4.0], "Location_id": [30], "POI": "Independent", "POI_Type": 0, "L2_Category_name": [5]}, "29": {"stars": [2.5], "Location_id": [31], "POI": "Independent", "POI_Type": 0, "L2_Category_name": [15]}, "30": {"stars": [3.5], "Location_id": [32], "POI": "Independent", "POI_Type": 0, "L2_Category_name": [16]}, "31": {"stars": [2.0, 2.5, 3.0, 2.5, 3.0, 4.0, 3.0, 4.0], "Location_id": [34, 53, 55, 92, 96, 224, 369, 618], "POI": "Combined", "POI_Type": 1, "L2_Category_name": [15, 29, 20, 39, 29, 43, 109, 73]}, "32": {"stars": [3.0], "Location_id": [35], "POI": "Independent", "POI_Type": 0, "L2_Category_name": [18]}, "33": {"stars": [2.5], "Location_id": [36], "POI": "Independent", "POI_Type": 0, "L2_Category_name": [19]}, "34": {"stars": [2.5, 1.0, 3.5, 2.0, 1.0], "Location_id": [37, 52, 56, 156, 703], "POI": "Combined", "POI_Type": 1, "L2_Category_name": [20, 28, 28, 60, 52]}, "35": {"stars": [2.5], "Location_id": [38], "POI": "Independent", "POI_Type": 0, "L2_Category_name": [19]}, "36": {"stars": [3.0], "Location_id": [39], "POI": "Independent", "POI_Type": 0, "L2_Category_name": [21]}, "37": {"stars": [4.0], "Location_id": [40], "POI": "Independent", "POI_Type": 0, "L2_Category_name": [22]}, "38": {"stars": [1.5], "Location_id": [41], "POI": "Independent", "POI_Type": 0, "L2_Category_name": [23]}, "39": {"stars": [3.0], "Location_id": [44], "POI": "Independent", "POI_Type": 0, "L2_Category_name": [24]}, "40": {"stars": [3.5], "Location_id": [45], "POI": "Independent", "POI_Type": 0, "L2_Category_name": [25]}, "41": {"stars": [1.5], "Location_id": [46], "POI": "Independent", "POI_Type": 0, "L2_Category_name": [8]}, "42": {"stars": [2.5], "Location_id": [47], "POI": "Independent", "POI_Type": 0, "L2_Category_name": [7]}, "43": {"stars": [4.0], "Location_id": [48], "POI": "Independent", "POI_Type": 0, "L2_Category_name": [26]}, "44": {"stars": [4.0], "Location_id": [49], "POI": "Independent", "POI_Type": 0, "L2_Category_name": [5]}, "45": {"stars": [3.5], "Location_id": [50], "POI": "Independent", "POI_Type": 0, "L2_Category_name": [27]}, "46": {"stars": [3.5], "Location_id": [51], "POI": "Independent", "POI_Type": 0, "L2_Category_name": [17]}, "47": {"stars": [2.0], "Location_id": [54], "POI": "Independent", "POI_Type": 0, "L2_Category_name": [30]}, "48": {"stars": [5.0, 2.0, 4.0], "Location_id": [58, 59, 125], "POI": "Combined", "POI_Type": 1, "L2_Category_name": [31, 28, 52]}, "49": {"stars": [2.5, 3.0, 2.5, 4.0, 3.5, 3.0, 3.5, 4.5, 4.0, 4.5, 4.0, 3.0], "Location_id": [60, 73, 74, 75, 76, 123, 177, 287, 288, 289, 298, 496], "POI": "Combined", "POI_Type": 1, "L2_Category_name": [20, 35, 20, 36, 37, 10, 10, 67, 36, 67, 36, 123]}, "50": {"stars": [3.5, 2.0, 2.0, 3.0], "Location_id": [61, 151, 270, 522], "POI": "Combined", "POI_Type": 1, "L2_Category_name": [32, 23, 17, 48]}, "51": {"stars": [3.5], "Location_id": [62], "POI": "Independent", "POI_Type": 0, "L2_Category_name": [23]}, "52": {"stars": [2.0], "Location_id": [63], "POI": "Independent", "POI_Type": 0, "L2_Category_name": [15]}, "53": {"stars": [4.0, 4.5, 4.5, 4.0, 3.0], "Location_id": [64, 80, 251, 611, 687], "POI": "Combined", "POI_Type": 1, "L2_Category_name": [22, 37, 72, 5, 53]}, "54": {"stars": [4.0], "Location_id": [65], "POI": "Independent", "POI_Type": 0, "L2_Category_name": [33]}, "55": {"stars": [2.0], "Location_id": [66], "POI": "Independent", "POI_Type": 0, "L2_Category_name": [2]}, "56": {"stars": [3.0], "Location_id": [67], "POI": "Independent", "POI_Type": 0, "L2_Category_name": [32]}, "57": {"stars": [3.5], "Location_id": [68], "POI": "Independent", "POI_Type": 0, "L2_Category_name": [34]}, "58": {"stars": [3.0, 3.0, 3.0, 2.5, 2.5, 2.0, 3.5, 3.5, 3.0, 3.0, 3.5, 5.0], "Location_id": [69, 135, 136, 147, 157, 165, 185, 256, 361, 538, 700, 717], "POI": "Combined", "POI_Type": 1, "L2_Category_name": [14, 43, 58, 28, 10, 15, 22, 5, 39, 20, 52, 5]}, "59": {"stars": [4.0], "Location_id": [70], "POI": "Independent", "POI_Type": 0, "L2_Category_name": [0]}, "60": {"stars": [2.0], "Location_id": [71], "POI": "Independent", "POI_Type": 0, "L2_Category_name": [5]}, "61": {"stars": [3.0], "Location_id": [72], "POI": "Independent", "POI_Type": 0, "L2_Category_name": [28]}, "62": {"stars": [3.0], "Location_id": [77], "POI": "Independent", "POI_Type": 0, "L2_Category_name": [15]}, "63": {"stars": [3.5], "Location_id": [78], "POI": "Combined", "POI_Type": 1, "L2_Category_name": [22]}, "64": {"stars": [2.0], "Location_id": [79], "POI": "Combined", "POI_Type": 1, "L2_Category_name": [15]}, "65": {"stars": [3.5], "Location_id": [81], "POI": "Independent", "POI_Type": 0, "L2_Category_name": [13]}, "66": {"stars": [2.0], "Location_id": [82], "POI": "Independent", "POI_Type": 0, "L2_Category_name": [14]}, "67": {"stars": [2.5], "Location_id": [83], "POI": "Independent", "POI_Type": 0, "L2_Category_name": [16]}, "68": {"stars": [3.0], "Location_id": [84], "POI": "Independent", "POI_Type": 0, "L2_Category_name": [38]}, "69": {"stars": [3.0], "Location_id": [85], "POI": "Independent", "POI_Type": 0, "L2_Category_name": [14]}, "70": {"stars": [3.5], "Location_id": [86], "POI": "Independent", "POI_Type": 0, "L2_Category_name": [39]}, "71": {"stars": [3.0], "Location_id": [87], "POI": "Independent", "POI_Type": 0, "L2_Category_name": [7]}, "72": {"stars": [2.5], "Location_id": [88], "POI": "Independent", "POI_Type": 0, "L2_Category_name": [28]}, "73": {"stars": [4.5], "Location_id": [89], "POI": "Independent", "POI_Type": 0, "L2_Category_name": [40]}, "74": {"stars": [2.5, 2.5, 4.0], "Location_id": [90, 458, 646], "POI": "Combined", "POI_Type": 1, "L2_Category_name": [41, 10, 5]}, "75": {"stars": [3.5], "Location_id": [93], "POI": "Independent", "POI_Type": 0, "L2_Category_name": [42]}, "76": {"stars": [3.5], "Location_id": [94], "POI": "Independent", "POI_Type": 0, "L2_Category_name": [43]}, "77": {"stars": [3.5], "Location_id": [95], "POI": "Independent", "POI_Type": 0, "L2_Category_name": [44]}, "78": {"stars": [2.5, 4.0, 3.0, 4.0, 2.0, 3.0, 4.0, 4.5, 3.0], "Location_id": [97, 98, 99, 202, 250, 478, 479, 529, 743], "POI": "Combined", "POI_Type": 1, "L2_Category_name": [28, 20, 36, 22, 63, 87, 58, 41, 43]}, "79": {"stars": [3.5], "Location_id": [100], "POI": "Independent", "POI_Type": 0, "L2_Category_name": [45]}, "80": {"stars": [3.0], "Location_id": [101], "POI": "Independent", "POI_Type": 0, "L2_Category_name": [2]}, "81": {"stars": [3.0], "Location_id": [102], "POI": "Independent", "POI_Type": 0, "L2_Category_name": [7]}, "82": {"stars": [4.5], "Location_id": [103], "POI": "Independent", "POI_Type": 0, "L2_Category_name": [5]}, "83": {"stars": [3.5], "Location_id": [104], "POI": "Independent", "POI_Type": 0, "L2_Category_name": [2]}, "84": {"stars": [3.5], "Location_id": [105], "POI": "Independent", "POI_Type": 0, "L2_Category_name": [46]}, "85": {"stars": [3.5], "Location_id": [106], "POI": "Independent", "POI_Type": 0, "L2_Category_name": [47]}, "86": {"stars": [3.5], "Location_id": [107], "POI": "Independent", "POI_Type": 0, "L2_Category_name": [14]}, "87": {"stars": [2.5], "Location_id": [108], "POI": "Independent", "POI_Type": 0, "L2_Category_name": [23]}, "88": {"stars": [2.0], "Location_id": [109], "POI": "Independent", "POI_Type": 0, "L2_Category_name": [28]}, "89": {"stars": [3.5], "Location_id": [110], "POI": "Independent", "POI_Type": 0, "L2_Category_name": [1]}, "90": {"stars": [2.5, 2.5, 3.0, 2.5, 3.0, 2.5, 3.0], "Location_id": [111, 435, 451, 550, 619, 738, 739], "POI": "Combined", "POI_Type": 1, "L2_Category_name": [28, 15, 52, 66, 43, 28, 28]}, "91": {"stars": [3.0], "Location_id": [112], "POI": "Independent", "POI_Type": 0, "L2_Category_name": [48]}, "92": {"stars": [3.5, 4.0, 3.0, 3.0, 4.0, 4.5, 3.0, 3.0], "Location_id": [113, 114, 131, 160, 443, 555, 556, 557], "POI": "Combined", "POI_Type": 1, "L2_Category_name": [22, 48, 56, 15, 61, 20, 5, 23]}, "93": {"stars": [3.0, 4.0, 2.5, 3.0, 3.5, 4.0, 3.5, 4.0, 2.5, 2.5, 4.5, 3.5, 4.0, 4.0, 3.0, 2.5, 4.0, 3.5, 2.5, 2.5, 2.0, 2.0, 2.0], "Location_id": [115, 116, 126, 130, 181, 245, 358, 389, 416, 532, 533, 534, 537, 540, 564, 579, 580, 583, 696, 697, 712, 714, 737], "POI": "Combined", "POI_Type": 1, "L2_Category_name": [5, 49, 53, 45, 27, 85, 22, 72, 27, 39, 107, 107, 5, 22, 10, 14, 95, 5, 27, 117, 63, 10, 15]}, "94": {"stars": [2.0], "Location_id": [117], "POI": "Independent", "POI_Type": 0, "L2_Category_name": [50]}, "95": {"stars": [3.5], "Location_id": [118], "POI": "Independent", "POI_Type": 0, "L2_Category_name": [2]}, "96": {"stars": [4.5], "Location_id": [119], "POI": "Independent", "POI_Type": 0, "L2_Category_name": [51]}, "97": {"stars": [3.5], "Location_id": [120], "POI": "Independent", "POI_Type": 0, "L2_Category_name": [5]}, "98": {"stars": [3.0], "Location_id": [121], "POI": "Independent", "POI_Type": 0, "L2_Category_name": [5]}, "99": {"stars": [4.0], "Location_id": [122], "POI": "Independent", "POI_Type": 0, "L2_Category_name": [26]}, "100": {"stars": [3.0, 3.5, 3.0, 2.5, 3.0], "Location_id": [124, 134, 325, 450, 627], "POI": "Combined", "POI_Type": 1, "L2_Category_name": [2, 17, 82, 27, 2]}, "101": {"stars": [4.5], "Location_id": [127], "POI": "Independent", "POI_Type": 0, "L2_Category_name": [48]}, "102": {"stars": [4.5], "Location_id": [128], "POI": "Independent", "POI_Type": 0, "L2_Category_name": [54]}, "103": {"stars": [3.5], "Location_id": [129], "POI": "Independent", "POI_Type": 0, "L2_Category_name": [55]}, "104": {"stars": [3.5], "Location_id": [132], "POI": "Independent", "POI_Type": 0, "L2_Category_name": [57]}, "105": {"stars": [3.0], "Location_id": [133], "POI": "Independent", "POI_Type": 0, "L2_Category_name": [5]}, "106": {"stars": [3.0, 2.0, 3.0, 3.0, 3.0, 3.5, 3.5, 3.5, 2.5], "Location_id": [137, 161, 266, 268, 275, 360, 432, 523, 685], "POI": "Combined", "POI_Type": 1, "L2_Category_name": [5, 43, 22, 2, 10, 108, 61, 71, 1]}, "107": {"stars": [3.5], "Location_id": [138], "POI": "Independent", "POI_Type": 0, "L2_Category_name": [59]}, "108": {"stars": [4.0], "Location_id": [139], "POI": "Independent", "POI_Type": 0, "L2_Category_name": [37]}, "109": {"stars": [2.5], "Location_id": [140], "POI": "Independent", "POI_Type": 0, "L2_Category_name": [23]}, "110": {"stars": [4.5], "Location_id": [141], "POI": "Independent", "POI_Type": 0, "L2_Category_name": [59]}, "111": {"stars": [3.5], "Location_id": [142], "POI": "Independent", "POI_Type": 0, "L2_Category_name": [48]}, "112": {"stars": [3.0], "Location_id": [143], "POI": "Independent", "POI_Type": 0, "L2_Category_name": [5]}, "113": {"stars": [3.0], "Location_id": [144], "POI": "Independent", "POI_Type": 0, "L2_Category_name": [22]}, "114": {"stars": [2.5, 3.5, 1.5], "Location_id": [145, 401, 616], "POI": "Combined", "POI_Type": 1, "L2_Category_name": [52, 1, 28]}, "115": {"stars": [4.0], "Location_id": [146], "POI": "Independent", "POI_Type": 0, "L2_Category_name": [17]}, "116": {"stars": [3.5], "Location_id": [148], "POI": "Independent", "POI_Type": 0, "L2_Category_name": [22]}, "117": {"stars": [3.5], "Location_id": [149], "POI": "Independent", "POI_Type": 0, "L2_Category_name": [22]}, "118": {"stars": [3.0], "Location_id": [150], "POI": "Independent", "POI_Type": 0, "L2_Category_name": [28]}, "119": {"stars": [3.0], "Location_id": [152], "POI": "Combined", "POI_Type": 1, "L2_Category_name": [28]}, "120": {"stars": [3.0], "Location_id": [153], "POI": "Independent", "POI_Type": 0, "L2_Category_name": [15]}, "121": {"stars": [2.0], "Location_id": [154], "POI": "Independent", "POI_Type": 0, "L2_Category_name": [23]}, "122": {"stars": [3.0], "Location_id": [155], "POI": "Independent", "POI_Type": 0, "L2_Category_name": [10]}, "123": {"stars": [4.5], "Location_id": [158], "POI": "Independent", "POI_Type": 0, "L2_Category_name": [17]}, "124": {"stars": [3.0], "Location_id": [159], "POI": "Independent", "POI_Type": 0, "L2_Category_name": [61]}, "125": {"stars": [2.5], "Location_id": [162], "POI": "Independent", "POI_Type": 0, "L2_Category_name": [27]}, "126": {"stars": [1.5], "Location_id": [163], "POI": "Independent", "POI_Type": 0, "L2_Category_name": [15]}, "127": {"stars": [2.0], "Location_id": [164], "POI": "Independent", "POI_Type": 0, "L2_Category_name": [15]}, "128": {"stars": [3.5], "Location_id": [166], "POI": "Independent", "POI_Type": 0, "L2_Category_name": [62]}, "129": {"stars": [4.0], "Location_id": [167], "POI": "Independent", "POI_Type": 0, "L2_Category_name": [53]}, "130": {"stars": [2.5, 2.5, 4.0], "Location_id": [168, 169, 173], "POI": "Combined", "POI_Type": 1, "L2_Category_name": [22, 5, 64]}, "131": {"stars": [3.5, 1.5, 2.5, 4.0], "Location_id": [170, 171, 323, 617], "POI": "Combined", "POI_Type": 1, "L2_Category_name": [63, 23, 5, 61]}, "132": {"stars": [3.0], "Location_id": [172], "POI": "Independent", "POI_Type": 0, "L2_Category_name": [22]}, "133": {"stars": [4.0], "Location_id": [174], "POI": "Independent", "POI_Type": 0, "L2_Category_name": [65]}, "134": {"stars": [3.0], "Location_id": [175], "POI": "Independent", "POI_Type": 0, "L2_Category_name": [2]}, "135": {"stars": [2.0], "Location_id": [176], "POI": "Independent", "POI_Type": 0, "L2_Category_name": [66]}, "136": {"stars": [2.5], "Location_id": [178], "POI": "Independent", "POI_Type": 0, "L2_Category_name": [67]}, "137": {"stars": [2.0], "Location_id": [179], "POI": "Independent", "POI_Type": 0, "L2_Category_name": [68]}, "138": {"stars": [4.0], "Location_id": [180], "POI": "Independent", "POI_Type": 0, "L2_Category_name": [65]}, "139": {"stars": [4.5], "Location_id": [182], "POI": "Independent", "POI_Type": 0, "L2_Category_name": [4]}, "140": {"stars": [4.0], "Location_id": [183], "POI": "Independent", "POI_Type": 0, "L2_Category_name": [5]}, "141": {"stars": [4.0], "Location_id": [184], "POI": "Independent", "POI_Type": 0, "L2_Category_name": [43]}, "142": {"stars": [3.5], "Location_id": [186], "POI": "Independent", "POI_Type": 0, "L2_Category_name": [4]}, "143": {"stars": [4.5], "Location_id": [187], "POI": "Independent", "POI_Type": 0, "L2_Category_name": [69]}, "144": {"stars": [1.5], "Location_id": [188], "POI": "Independent", "POI_Type": 0, "L2_Category_name": [68]}, "145": {"stars": [3.5], "Location_id": [189], "POI": "Independent", "POI_Type": 0, "L2_Category_name": [43]}, "146": {"stars": [3.5], "Location_id": [190], "POI": "Independent", "POI_Type": 0, "L2_Category_name": [70]}, "147": {"stars": [3.5], "Location_id": [191], "POI": "Independent", "POI_Type": 0, "L2_Category_name": [5]}, "148": {"stars": [5.0], "Location_id": [192], "POI": "Independent", "POI_Type": 0, "L2_Category_name": [71]}, "149": {"stars": [3.5], "Location_id": [193], "POI": "Independent", "POI_Type": 0, "L2_Category_name": [72]}, "150": {"stars": [2.0], "Location_id": [194], "POI": "Independent", "POI_Type": 0, "L2_Category_name": [28]}, "151": {"stars": [2.0], "Location_id": [195], "POI": "Independent", "POI_Type": 0, "L2_Category_name": [5]}, "152": {"stars": [3.5], "Location_id": [196], "POI": "Independent", "POI_Type": 0, "L2_Category_name": [5]}, "153": {"stars": [3.0], "Location_id": [197], "POI": "Independent", "POI_Type": 0, "L2_Category_name": [1]}, "154": {"stars": [4.5], "Location_id": [198], "POI": "Independent", "POI_Type": 0, "L2_Category_name": [46]}, "155": {"stars": [3.5], "Location_id": [199], "POI": "Independent", "POI_Type": 0, "L2_Category_name": [73]}, "156": {"stars": [4.0], "Location_id": [200], "POI": "Independent", "POI_Type": 0, "L2_Category_name": [74]}, "157": {"stars": [3.0], "Location_id": [201], "POI": "Independent", "POI_Type": 0, "L2_Category_name": [10]}, "158": {"stars": [3.5], "Location_id": [203], "POI": "Independent", "POI_Type": 0, "L2_Category_name": [5]}, "159": {"stars": [3.0], "Location_id": [204], "POI": "Independent", "POI_Type": 0, "L2_Category_name": [5]}, "160": {"stars": [3.5], "Location_id": [205], "POI": "Independent", "POI_Type": 0, "L2_Category_name": [63]}, "161": {"stars": [5.0], "Location_id": [206], "POI": "Independent", "POI_Type": 0, "L2_Category_name": [75]}, "162": {"stars": [3.0], "Location_id": [207], "POI": "Independent", "POI_Type": 0, "L2_Category_name": [5]}, "163": {"stars": [4.5], "Location_id": [208], "POI": "Independent", "POI_Type": 0, "L2_Category_name": [3]}, "164": {"stars": [4.0], "Location_id": [209], "POI": "Independent", "POI_Type": 0, "L2_Category_name": [5]}, "165": {"stars": [3.0], "Location_id": [210], "POI": "Independent", "POI_Type": 0, "L2_Category_name": [7]}, "166": {"stars": [3.0], "Location_id": [211], "POI": "Independent", "POI_Type": 0, "L2_Category_name": [7]}, "167": {"stars": [4.5], "Location_id": [214], "POI": "Independent", "POI_Type": 0, "L2_Category_name": [3]}, "168": {"stars": [3.5], "Location_id": [215], "POI": "Independent", "POI_Type": 0, "L2_Category_name": [14]}, "169": {"stars": [3.5], "Location_id": [216], "POI": "Independent", "POI_Type": 0, "L2_Category_name": [60]}, "170": {"stars": [4.0], "Location_id": [217], "POI": "Independent", "POI_Type": 0, "L2_Category_name": [4]}, "171": {"stars": [3.5], "Location_id": [218], "POI": "Independent", "POI_Type": 0, "L2_Category_name": [0]}, "172": {"stars": [4.0], "Location_id": [219], "POI": "Independent", "POI_Type": 0, "L2_Category_name": [12]}, "173": {"stars": [3.5], "Location_id": [220], "POI": "Independent", "POI_Type": 0, "L2_Category_name": [77]}, "174": {"stars": [4.5], "Location_id": [221], "POI": "Independent", "POI_Type": 0, "L2_Category_name": [51]}, "175": {"stars": [4.5], "Location_id": [222], "POI": "Independent", "POI_Type": 0, "L2_Category_name": [14]}, "176": {"stars": [3.5], "Location_id": [223], "POI": "Independent", "POI_Type": 0, "L2_Category_name": [0]}, "177": {"stars": [3.5], "Location_id": [225], "POI": "Independent", "POI_Type": 0, "L2_Category_name": [4]}, "178": {"stars": [3.0], "Location_id": [226], "POI": "Independent", "POI_Type": 0, "L2_Category_name": [2]}, "179": {"stars": [3.5], "Location_id": [227], "POI": "Independent", "POI_Type": 0, "L2_Category_name": [78]}, "180": {"stars": [5.0], "Location_id": [228], "POI": "Independent", "POI_Type": 0, "L2_Category_name": [79]}, "181": {"stars": [4.0], "Location_id": [229], "POI": "Independent", "POI_Type": 0, "L2_Category_name": [27]}, "182": {"stars": [4.5], "Location_id": [230], "POI": "Independent", "POI_Type": 0, "L2_Category_name": [80]}, "183": {"stars": [2.5], "Location_id": [231], "POI": "Independent", "POI_Type": 0, "L2_Category_name": [2]}, "184": {"stars": [4.0], "Location_id": [232], "POI": "Independent", "POI_Type": 0, "L2_Category_name": [77]}, "185": {"stars": [4.0], "Location_id": [233], "POI": "Independent", "POI_Type": 0, "L2_Category_name": [81]}, "186": {"stars": [3.5], "Location_id": [234], "POI": "Independent", "POI_Type": 0, "L2_Category_name": [4]}, "187": {"stars": [3.5], "Location_id": [235], "POI": "Independent", "POI_Type": 0, "L2_Category_name": [0]}, "188": {"stars": [3.0], "Location_id": [236], "POI": "Independent", "POI_Type": 0, "L2_Category_name": [43]}, "189": {"stars": [3.5], "Location_id": [237], "POI": "Independent", "POI_Type": 0, "L2_Category_name": [5]}, "190": {"stars": [3.5], "Location_id": [238], "POI": "Independent", "POI_Type": 0, "L2_Category_name": [82]}, "191": {"stars": [4.0], "Location_id": [239], "POI": "Independent", "POI_Type": 0, "L2_Category_name": [83]}, "192": {"stars": [5.0], "Location_id": [240], "POI": "Independent", "POI_Type": 0, "L2_Category_name": [84]}, "193": {"stars": [3.0], "Location_id": [241], "POI": "Independent", "POI_Type": 0, "L2_Category_name": [4]}, "194": {"stars": [4.0], "Location_id": [242], "POI": "Independent", "POI_Type": 0, "L2_Category_name": [27]}, "195": {"stars": [1.5], "Location_id": [243], "POI": "Independent", "POI_Type": 0, "L2_Category_name": [58]}, "196": {"stars": [4.0], "Location_id": [244], "POI": "Independent", "POI_Type": 0, "L2_Category_name": [27]}, "197": {"stars": [4.0], "Location_id": [246], "POI": "Independent", "POI_Type": 0, "L2_Category_name": [80]}, "198": {"stars": [4.0], "Location_id": [247], "POI": "Independent", "POI_Type": 0, "L2_Category_name": [60]}, "199": {"stars": [2.5], "Location_id": [248], "POI": "Independent", "POI_Type": 0, "L2_Category_name": [86]}, "200": {"stars": [4.5], "Location_id": [249], "POI": "Independent", "POI_Type": 0, "L2_Category_name": [80]}, "201": {"stars": [3.0], "Location_id": [252], "POI": "Independent", "POI_Type": 0, "L2_Category_name": [22]}, "202": {"stars": [4.0], "Location_id": [253], "POI": "Independent", "POI_Type": 0, "L2_Category_name": [5]}, "203": {"stars": [2.0], "Location_id": [254], "POI": "Independent", "POI_Type": 0, "L2_Category_name": [28]}, "204": {"stars": [4.0], "Location_id": [255], "POI": "Independent", "POI_Type": 0, "L2_Category_name": [21]}, "205": {"stars": [4.0], "Location_id": [257], "POI": "Independent", "POI_Type": 0, "L2_Category_name": [63]}, "206": {"stars": [3.5], "Location_id": [258], "POI": "Independent", "POI_Type": 0, "L2_Category_name": [43]}, "207": {"stars": [4.0], "Location_id": [259], "POI": "Independent", "POI_Type": 0, "L2_Category_name": [12]}, "208": {"stars": [3.5], "Location_id": [260], "POI": "Independent", "POI_Type": 0, "L2_Category_name": [82]}, "209": {"stars": [4.0], "Location_id": [261], "POI": "Independent", "POI_Type": 0, "L2_Category_name": [23]}, "210": {"stars": [3.5], "Location_id": [263], "POI": "Independent", "POI_Type": 0, "L2_Category_name": [12]}, "211": {"stars": [3.0, 2.0, 2.0, 2.5, 3.5, 4.0, 4.0, 4.5], "Location_id": [264, 265, 335, 336, 337, 339, 340, 575], "POI": "Combined", "POI_Type": 1, "L2_Category_name": [88, 28, 48, 104, 22, 63, 105, 49]}, "212": {"stars": [4.0], "Location_id": [267], "POI": "Independent", "POI_Type": 0, "L2_Category_name": [89]}, "213": {"stars": [3.0], "Location_id": [269], "POI": "Independent", "POI_Type": 0, "L2_Category_name": [53]}, "214": {"stars": [4.5], "Location_id": [271], "POI": "Independent", "POI_Type": 0, "L2_Category_name": [5]}, "215": {"stars": [4.5], "Location_id": [272], "POI": "Independent", "POI_Type": 0, "L2_Category_name": [43]}, "216": {"stars": [3.5], "Location_id": [273], "POI": "Independent", "POI_Type": 0, "L2_Category_name": [56]}, "217": {"stars": [3.5], "Location_id": [274], "POI": "Independent", "POI_Type": 0, "L2_Category_name": [12]}, "218": {"stars": [4.5], "Location_id": [276], "POI": "Independent", "POI_Type": 0, "L2_Category_name": [90]}, "219": {"stars": [4.0], "Location_id": [277], "POI": "Independent", "POI_Type": 0, "L2_Category_name": [91]}, "220": {"stars": [3.0], "Location_id": [278], "POI": "Independent", "POI_Type": 0, "L2_Category_name": [5]}, "221": {"stars": [3.0], "Location_id": [279], "POI": "Independent", "POI_Type": 0, "L2_Category_name": [21]}, "222": {"stars": [3.0], "Location_id": [280], "POI": "Independent", "POI_Type": 0, "L2_Category_name": [53]}, "223": {"stars": [4.0], "Location_id": [281], "POI": "Independent", "POI_Type": 0, "L2_Category_name": [92]}, "224": {"stars": [3.0], "Location_id": [282], "POI": "Independent", "POI_Type": 0, "L2_Category_name": [4]}, "225": {"stars": [4.0], "Location_id": [283], "POI": "Independent", "POI_Type": 0, "L2_Category_name": [12]}, "226": {"stars": [4.0], "Location_id": [284], "POI": "Independent", "POI_Type": 0, "L2_Category_name": [22]}, "227": {"stars": [3.5], "Location_id": [285], "POI": "Independent", "POI_Type": 0, "L2_Category_name": [69]}, "228": {"stars": [5.0], "Location_id": [286], "POI": "Independent", "POI_Type": 0, "L2_Category_name": [93]}, "229": {"stars": [3.0], "Location_id": [290], "POI": "Independent", "POI_Type": 0, "L2_Category_name": [0]}, "230": {"stars": [4.5], "Location_id": [291], "POI": "Independent", "POI_Type": 0, "L2_Category_name": [94]}, "231": {"stars": [3.5], "Location_id": [292], "POI": "Independent", "POI_Type": 0, "L2_Category_name": [95]}, "232": {"stars": [3.0], "Location_id": [293], "POI": "Independent", "POI_Type": 0, "L2_Category_name": [48]}, "233": {"stars": [4.0], "Location_id": [294], "POI": "Independent", "POI_Type": 0, "L2_Category_name": [96]}, "234": {"stars": [4.0], "Location_id": [295], "POI": "Independent", "POI_Type": 0, "L2_Category_name": [58]}, "235": {"stars": [4.0], "Location_id": [296], "POI": "Independent", "POI_Type": 0, "L2_Category_name": [70]}, "236": {"stars": [2.5], "Location_id": [297], "POI": "Independent", "POI_Type": 0, "L2_Category_name": [58]}, "237": {"stars": [3.5], "Location_id": [299], "POI": "Independent", "POI_Type": 0, "L2_Category_name": [23]}, "238": {"stars": [3.0], "Location_id": [300], "POI": "Independent", "POI_Type": 0, "L2_Category_name": [20]}, "239": {"stars": [5.0], "Location_id": [301], "POI": "Independent", "POI_Type": 0, "L2_Category_name": [74]}, "240": {"stars": [4.0], "Location_id": [302], "POI": "Independent", "POI_Type": 0, "L2_Category_name": [12]}, "241": {"stars": [4.0, 3.5, 2.5, 3.0, 3.0, 2.0, 2.5, 4.0, 3.5, 4.0, 3.5, 3.0, 2.5, 2.5], "Location_id": [303, 318, 321, 322, 406, 441, 442, 444, 445, 530, 531, 553, 581, 740], "POI": "Combined", "POI_Type": 1, "L2_Category_name": [23, 28, 28, 10, 36, 15, 29, 41, 67, 28, 48, 131, 15, 36]}, "242": {"stars": [3.5], "Location_id": [305], "POI": "Independent", "POI_Type": 0, "L2_Category_name": [97]}, "243": {"stars": [3.0], "Location_id": [306], "POI": "Independent", "POI_Type": 0, "L2_Category_name": [72]}, "244": {"stars": [3.0], "Location_id": [307], "POI": "Independent", "POI_Type": 0, "L2_Category_name": [98]}, "245": {"stars": [3.5], "Location_id": [308], "POI": "Independent", "POI_Type": 0, "L2_Category_name": [72]}, "246": {"stars": [4.0], "Location_id": [309], "POI": "Independent", "POI_Type": 0, "L2_Category_name": [20]}, "247": {"stars": [4.0], "Location_id": [310], "POI": "Independent", "POI_Type": 0, "L2_Category_name": [99]}, "248": {"stars": [4.5], "Location_id": [311], "POI": "Independent", "POI_Type": 0, "L2_Category_name": [74]}, "249": {"stars": [4.5], "Location_id": [312], "POI": "Independent", "POI_Type": 0, "L2_Category_name": [23]}, "250": {"stars": [4.0], "Location_id": [313], "POI": "Independent", "POI_Type": 0, "L2_Category_name": [72]}, "251": {"stars": [2.0], "Location_id": [314], "POI": "Independent", "POI_Type": 0, "L2_Category_name": [58]}, "252": {"stars": [4.0], "Location_id": [315], "POI": "Independent", "POI_Type": 0, "L2_Category_name": [3]}, "253": {"stars": [2.0], "Location_id": [316], "POI": "Independent", "POI_Type": 0, "L2_Category_name": [100]}, "254": {"stars": [3.0], "Location_id": [317], "POI": "Independent", "POI_Type": 0, "L2_Category_name": [44]}, "255": {"stars": [4.0], "Location_id": [319], "POI": "Independent", "POI_Type": 0, "L2_Category_name": [95]}, "256": {"stars": [4.0], "Location_id": [320], "POI": "Independent", "POI_Type": 0, "L2_Category_name": [60]}, "257": {"stars": [4.0, 2.0, 4.0], "Location_id": [324, 589, 715], "POI": "Combined", "POI_Type": 1, "L2_Category_name": [101, 14, 45]}, "258": {"stars": [3.5], "Location_id": [326], "POI": "Independent", "POI_Type": 0, "L2_Category_name": [2]}, "259": {"stars": [3.5], "Location_id": [327], "POI": "Independent", "POI_Type": 0, "L2_Category_name": [2]}, "260": {"stars": [3.0], "Location_id": [328], "POI": "Independent", "POI_Type": 0, "L2_Category_name": [102]}, "261": {"stars": [3.5], "Location_id": [329], "POI": "Independent", "POI_Type": 0, "L2_Category_name": [37]}, "262": {"stars": [3.5], "Location_id": [330], "POI": "Independent", "POI_Type": 0, "L2_Category_name": [2]}, "263": {"stars": [2.5], "Location_id": [331], "POI": "Independent", "POI_Type": 0, "L2_Category_name": [53]}, "264": {"stars": [3.0], "Location_id": [332], "POI": "Independent", "POI_Type": 0, "L2_Category_name": [43]}, "265": {"stars": [4.5], "Location_id": [333], "POI": "Independent", "POI_Type": 0, "L2_Category_name": [103]}, "266": {"stars": [3.5], "Location_id": [334], "POI": "Independent", "POI_Type": 0, "L2_Category_name": [71]}, "267": {"stars": [3.0], "Location_id": [338], "POI": "Independent", "POI_Type": 0, "L2_Category_name": [5]}, "268": {"stars": [4.5], "Location_id": [341], "POI": "Independent", "POI_Type": 0, "L2_Category_name": [73]}, "269": {"stars": [3.5], "Location_id": [342], "POI": "Independent", "POI_Type": 0, "L2_Category_name": [15]}, "270": {"stars": [4.0], "Location_id": [343], "POI": "Independent", "POI_Type": 0, "L2_Category_name": [106]}, "271": {"stars": [2.5], "Location_id": [344], "POI": "Independent", "POI_Type": 0, "L2_Category_name": [22]}, "272": {"stars": [4.5], "Location_id": [345], "POI": "Independent", "POI_Type": 0, "L2_Category_name": [60]}, "273": {"stars": [4.0], "Location_id": [346], "POI": "Independent", "POI_Type": 0, "L2_Category_name": [83]}, "274": {"stars": [4.0], "Location_id": [347], "POI": "Independent", "POI_Type": 0, "L2_Category_name": [107]}, "275": {"stars": [4.0], "Location_id": [348], "POI": "Independent", "POI_Type": 0, "L2_Category_name": [43]}, "276": {"stars": [3.0], "Location_id": [349], "POI": "Independent", "POI_Type": 0, "L2_Category_name": [5]}, "277": {"stars": [4.5], "Location_id": [350], "POI": "Independent", "POI_Type": 0, "L2_Category_name": [1]}, "278": {"stars": [2.5], "Location_id": [351], "POI": "Independent", "POI_Type": 0, "L2_Category_name": [82]}, "279": {"stars": [3.0], "Location_id": [352], "POI": "Independent", "POI_Type": 0, "L2_Category_name": [63]}, "280": {"stars": [2.5, 2.0, 4.0, 4.0], "Location_id": [353, 362, 498, 603], "POI": "Combined", "POI_Type": 1, "L2_Category_name": [14, 53, 18, 29]}, "281": {"stars": [4.0], "Location_id": [354], "POI": "Independent", "POI_Type": 0, "L2_Category_name": [28]}, "282": {"stars": [3.0], "Location_id": [355], "POI": "Independent", "POI_Type": 0, "L2_Category_name": [60]}, "283": {"stars": [4.0, 2.0, 3.0, 3.0, 1.5, 3.0, 4.0, 5.0], "Location_id": [356, 357, 599, 601, 604, 621, 679, 680], "POI": "Combined", "POI_Type": 1, "L2_Category_name": [22, 21, 83, 43, 15, 66, 58, 37]}, "284": {"stars": [4.0], "Location_id": [359], "POI": "Independent", "POI_Type": 0, "L2_Category_name": [5]}, "285": {"stars": [3.5], "Location_id": [363], "POI": "Independent", "POI_Type": 0, "L2_Category_name": [53]}, "286": {"stars": [4.0], "Location_id": [364], "POI": "Independent", "POI_Type": 0, "L2_Category_name": [102]}, "287": {"stars": [4.0], "Location_id": [365], "POI": "Independent", "POI_Type": 0, "L2_Category_name": [75]}, "288": {"stars": [2.0], "Location_id": [366], "POI": "Independent", "POI_Type": 0, "L2_Category_name": [15]}, "289": {"stars": [4.0], "Location_id": [367], "POI": "Independent", "POI_Type": 0, "L2_Category_name": [71]}, "290": {"stars": [3.5], "Location_id": [368], "POI": "Independent", "POI_Type": 0, "L2_Category_name": [72]}, "291": {"stars": [3.5], "Location_id": [370], "POI": "Independent", "POI_Type": 0, "L2_Category_name": [17]}, "292": {"stars": [1.5], "Location_id": [371], "POI": "Independent", "POI_Type": 0, "L2_Category_name": [8]}, "293": {"stars": [4.0], "Location_id": [372], "POI": "Independent", "POI_Type": 0, "L2_Category_name": [110]}, "294": {"stars": [3.0], "Location_id": [373], "POI": "Independent", "POI_Type": 0, "L2_Category_name": [111]}, "295": {"stars": [4.0], "Location_id": [374], "POI": "Independent", "POI_Type": 0, "L2_Category_name": [102]}, "296": {"stars": [4.0], "Location_id": [375], "POI": "Independent", "POI_Type": 0, "L2_Category_name": [90]}, "297": {"stars": [4.0], "Location_id": [376], "POI": "Independent", "POI_Type": 0, "L2_Category_name": [112]}, "298": {"stars": [3.0], "Location_id": [377], "POI": "Independent", "POI_Type": 0, "L2_Category_name": [5]}, "299": {"stars": [4.5], "Location_id": [378], "POI": "Independent", "POI_Type": 0, "L2_Category_name": [72]}, "300": {"stars": [3.5], "Location_id": [379], "POI": "Independent", "POI_Type": 0, "L2_Category_name": [5]}, "301": {"stars": [4.0], "Location_id": [380], "POI": "Independent", "POI_Type": 0, "L2_Category_name": [102]}, "302": {"stars": [3.5], "Location_id": [381], "POI": "Independent", "POI_Type": 0, "L2_Category_name": [70]}, "303": {"stars": [4.0], "Location_id": [382], "POI": "Independent", "POI_Type": 0, "L2_Category_name": [70]}, "304": {"stars": [2.5], "Location_id": [383], "POI": "Independent", "POI_Type": 0, "L2_Category_name": [10]}, "305": {"stars": [3.0], "Location_id": [384], "POI": "Independent", "POI_Type": 0, "L2_Category_name": [113]}, "306": {"stars": [2.0], "Location_id": [385], "POI": "Independent", "POI_Type": 0, "L2_Category_name": [15]}, "307": {"stars": [2.5], "Location_id": [386], "POI": "Independent", "POI_Type": 0, "L2_Category_name": [70]}, "308": {"stars": [4.5], "Location_id": [387], "POI": "Independent", "POI_Type": 0, "L2_Category_name": [70]}, "309": {"stars": [2.5], "Location_id": [388], "POI": "Independent", "POI_Type": 0, "L2_Category_name": [8]}, "310": {"stars": [3.5], "Location_id": [390], "POI": "Independent", "POI_Type": 0, "L2_Category_name": [14]}, "311": {"stars": [3.5], "Location_id": [391], "POI": "Independent", "POI_Type": 0, "L2_Category_name": [114]}, "312": {"stars": [5.0], "Location_id": [393], "POI": "Independent", "POI_Type": 0, "L2_Category_name": [8]}, "313": {"stars": [3.5], "Location_id": [394], "POI": "Independent", "POI_Type": 0, "L2_Category_name": [115]}, "314": {"stars": [4.5], "Location_id": [396], "POI": "Independent", "POI_Type": 0, "L2_Category_name": [5]}, "315": {"stars": [4.0], "Location_id": [397], "POI": "Independent", "POI_Type": 0, "L2_Category_name": [100]}, "316": {"stars": [3.0], "Location_id": [398], "POI": "Independent", "POI_Type": 0, "L2_Category_name": [113]}, "317": {"stars": [4.5], "Location_id": [399], "POI": "Independent", "POI_Type": 0, "L2_Category_name": [92]}, "318": {"stars": [4.5], "Location_id": [402], "POI": "Independent", "POI_Type": 0, "L2_Category_name": [72]}, "319": {"stars": [4.0], "Location_id": [403], "POI": "Independent", "POI_Type": 0, "L2_Category_name": [70]}, "320": {"stars": [3.5], "Location_id": [404], "POI": "Independent", "POI_Type": 0, "L2_Category_name": [70]}, "321": {"stars": [3.5], "Location_id": [405], "POI": "Independent", "POI_Type": 0, "L2_Category_name": [53]}, "322": {"stars": [3.0], "Location_id": [407], "POI": "Independent", "POI_Type": 0, "L2_Category_name": [36]}, "323": {"stars": [4.0], "Location_id": [408], "POI": "Independent", "POI_Type": 0, "L2_Category_name": [14]}, "324": {"stars": [2.5], "Location_id": [409], "POI": "Independent", "POI_Type": 0, "L2_Category_name": [0]}, "325": {"stars": [3.0], "Location_id": [410], "POI": "Independent", "POI_Type": 0, "L2_Category_name": [5]}, "326": {"stars": [4.5], "Location_id": [411], "POI": "Independent", "POI_Type": 0, "L2_Category_name": [20]}, "327": {"stars": [3.0], "Location_id": [412], "POI": "Independent", "POI_Type": 0, "L2_Category_name": [2]}, "328": {"stars": [3.5], "Location_id": [414], "POI": "Independent", "POI_Type": 0, "L2_Category_name": [60]}, "329": {"stars": [4.0], "Location_id": [415], "POI": "Independent", "POI_Type": 0, "L2_Category_name": [2]}, "330": {"stars": [4.5], "Location_id": [417], "POI": "Independent", "POI_Type": 0, "L2_Category_name": [116]}, "331": {"stars": [3.0], "Location_id": [418], "POI": "Independent", "POI_Type": 0, "L2_Category_name": [2]}, "332": {"stars": [1.5], "Location_id": [419], "POI": "Independent", "POI_Type": 0, "L2_Category_name": [5]}, "333": {"stars": [4.0], "Location_id": [420], "POI": "Independent", "POI_Type": 0, "L2_Category_name": [43]}, "334": {"stars": [4.0], "Location_id": [421], "POI": "Independent", "POI_Type": 0, "L2_Category_name": [12]}, "335": {"stars": [4.0], "Location_id": [422], "POI": "Independent", "POI_Type": 0, "L2_Category_name": [60]}, "336": {"stars": [3.5], "Location_id": [423], "POI": "Independent", "POI_Type": 0, "L2_Category_name": [22]}, "337": {"stars": [4.0], "Location_id": [424], "POI": "Independent", "POI_Type": 0, "L2_Category_name": [5]}, "338": {"stars": [4.0], "Location_id": [425], "POI": "Independent", "POI_Type": 0, "L2_Category_name": [4]}, "339": {"stars": [3.5], "Location_id": [426], "POI": "Independent", "POI_Type": 0, "L2_Category_name": [95]}, "340": {"stars": [5.0], "Location_id": [427], "POI": "Independent", "POI_Type": 0, "L2_Category_name": [117]}, "341": {"stars": [4.0], "Location_id": [428], "POI": "Independent", "POI_Type": 0, "L2_Category_name": [74]}, "342": {"stars": [3.5], "Location_id": [429], "POI": "Independent", "POI_Type": 0, "L2_Category_name": [29]}, "343": {"stars": [4.0], "Location_id": [430], "POI": "Independent", "POI_Type": 0, "L2_Category_name": [17]}, "344": {"stars": [3.5], "Location_id": [431], "POI": "Independent", "POI_Type": 0, "L2_Category_name": [17]}, "345": {"stars": [2.5], "Location_id": [433], "POI": "Independent", "POI_Type": 0, "L2_Category_name": [50]}, "346": {"stars": [3.0], "Location_id": [434], "POI": "Independent", "POI_Type": 0, "L2_Category_name": [109]}, "347": {"stars": [3.5], "Location_id": [436], "POI": "Independent", "POI_Type": 0, "L2_Category_name": [72]}, "348": {"stars": [3.5], "Location_id": [437], "POI": "Independent", "POI_Type": 0, "L2_Category_name": [5]}, "349": {"stars": [2.5], "Location_id": [438], "POI": "Independent", "POI_Type": 0, "L2_Category_name": [46]}, "350": {"stars": [3.0], "Location_id": [439], "POI": "Independent", "POI_Type": 0, "L2_Category_name": [50]}, "351": {"stars": [3.0], "Location_id": [440], "POI": "Independent", "POI_Type": 0, "L2_Category_name": [15]}, "352": {"stars": [3.0], "Location_id": [446], "POI": "Independent", "POI_Type": 0, "L2_Category_name": [44]}, "353": {"stars": [4.0], "Location_id": [447], "POI": "Independent", "POI_Type": 0, "L2_Category_name": [59]}, "354": {"stars": [3.5], "Location_id": [448], "POI": "Independent", "POI_Type": 0, "L2_Category_name": [10]}, "355": {"stars": [3.0], "Location_id": [449], "POI": "Independent", "POI_Type": 0, "L2_Category_name": [22]}, "356": {"stars": [2.0], "Location_id": [452], "POI": "Independent", "POI_Type": 0, "L2_Category_name": [109]}, "357": {"stars": [2.5], "Location_id": [453], "POI": "Independent", "POI_Type": 0, "L2_Category_name": [109]}, "358": {"stars": [2.5], "Location_id": [454], "POI": "Independent", "POI_Type": 0, "L2_Category_name": [8]}, "359": {"stars": [3.0], "Location_id": [455], "POI": "Independent", "POI_Type": 0, "L2_Category_name": [105]}, "360": {"stars": [3.5], "Location_id": [456], "POI": "Independent", "POI_Type": 0, "L2_Category_name": [10]}, "361": {"stars": [4.0], "Location_id": [457], "POI": "Independent", "POI_Type": 0, "L2_Category_name": [118]}, "362": {"stars": [3.0], "Location_id": [459], "POI": "Independent", "POI_Type": 0, "L2_Category_name": [119]}, "363": {"stars": [2.0], "Location_id": [460], "POI": "Independent", "POI_Type": 0, "L2_Category_name": [0]}, "364": {"stars": [2.5], "Location_id": [461], "POI": "Independent", "POI_Type": 0, "L2_Category_name": [109]}, "365": {"stars": [2.0], "Location_id": [462], "POI": "Independent", "POI_Type": 0, "L2_Category_name": [5]}, "366": {"stars": [3.5], "Location_id": [463], "POI": "Independent", "POI_Type": 0, "L2_Category_name": [111]}, "367": {"stars": [2.5], "Location_id": [464], "POI": "Independent", "POI_Type": 0, "L2_Category_name": [53]}, "368": {"stars": [3.5], "Location_id": [465], "POI": "Independent", "POI_Type": 0, "L2_Category_name": [10]}, "369": {"stars": [2.5], "Location_id": [466], "POI": "Independent", "POI_Type": 0, "L2_Category_name": [95]}, "370": {"stars": [3.5], "Location_id": [467], "POI": "Independent", "POI_Type": 0, "L2_Category_name": [1]}, "371": {"stars": [2.5], "Location_id": [468], "POI": "Independent", "POI_Type": 0, "L2_Category_name": [2]}, "372": {"stars": [5.0], "Location_id": [469], "POI": "Independent", "POI_Type": 0, "L2_Category_name": [39]}, "373": {"stars": [4.5], "Location_id": [470], "POI": "Independent", "POI_Type": 0, "L2_Category_name": [2]}, "374": {"stars": [3.0], "Location_id": [471], "POI": "Independent", "POI_Type": 0, "L2_Category_name": [2]}, "375": {"stars": [2.5], "Location_id": [473], "POI": "Independent", "POI_Type": 0, "L2_Category_name": [2]}, "376": {"stars": [4.0], "Location_id": [474], "POI": "Independent", "POI_Type": 0, "L2_Category_name": [120]}, "377": {"stars": [3.5], "Location_id": [475], "POI": "Independent", "POI_Type": 0, "L2_Category_name": [93]}, "378": {"stars": [4.0], "Location_id": [476], "POI": "Independent", "POI_Type": 0, "L2_Category_name": [121]}, "379": {"stars": [2.0], "Location_id": [477], "POI": "Independent", "POI_Type": 0, "L2_Category_name": [15]}, "380": {"stars": [4.5], "Location_id": [480], "POI": "Independent", "POI_Type": 0, "L2_Category_name": [69]}, "381": {"stars": [3.0], "Location_id": [481], "POI": "Independent", "POI_Type": 0, "L2_Category_name": [22]}, "382": {"stars": [3.0], "Location_id": [482], "POI": "Independent", "POI_Type": 0, "L2_Category_name": [95]}, "383": {"stars": [4.0], "Location_id": [483], "POI": "Independent", "POI_Type": 0, "L2_Category_name": [122]}, "384": {"stars": [2.0], "Location_id": [484], "POI": "Independent", "POI_Type": 0, "L2_Category_name": [43]}, "385": {"stars": [2.0], "Location_id": [486], "POI": "Independent", "POI_Type": 0, "L2_Category_name": [22]}, "386": {"stars": [4.0], "Location_id": [487], "POI": "Independent", "POI_Type": 0, "L2_Category_name": [6]}, "387": {"stars": [4.0], "Location_id": [488], "POI": "Independent", "POI_Type": 0, "L2_Category_name": [4]}, "388": {"stars": [4.0], "Location_id": [489], "POI": "Independent", "POI_Type": 0, "L2_Category_name": [5]}, "389": {"stars": [3.5], "Location_id": [490], "POI": "Independent", "POI_Type": 0, "L2_Category_name": [5]}, "390": {"stars": [3.5], "Location_id": [491], "POI": "Independent", "POI_Type": 0, "L2_Category_name": [15]}, "391": {"stars": [3.5], "Location_id": [492], "POI": "Independent", "POI_Type": 0, "L2_Category_name": [12]}, "392": {"stars": [4.0], "Location_id": [493], "POI": "Independent", "POI_Type": 0, "L2_Category_name": [29]}, "393": {"stars": [3.0], "Location_id": [494], "POI": "Independent", "POI_Type": 0, "L2_Category_name": [22]}, "394": {"stars": [3.5], "Location_id": [495], "POI": "Independent", "POI_Type": 0, "L2_Category_name": [10]}, "395": {"stars": [4.0], "Location_id": [497], "POI": "Independent", "POI_Type": 0, "L2_Category_name": [29]}, "396": {"stars": [4.0], "Location_id": [499], "POI": "Independent", "POI_Type": 0, "L2_Category_name": [21]}, "397": {"stars": [3.5], "Location_id": [500], "POI": "Combined", "POI_Type": 1, "L2_Category_name": [22]}, "398": {"stars": [3.0], "Location_id": [502], "POI": "Independent", "POI_Type": 0, "L2_Category_name": [14]}, "399": {"stars": [3.0], "Location_id": [503], "POI": "Independent", "POI_Type": 0, "L2_Category_name": [10]}, "400": {"stars": [1.5], "Location_id": [504], "POI": "Independent", "POI_Type": 0, "L2_Category_name": [58]}, "401": {"stars": [3.5], "Location_id": [505], "POI": "Independent", "POI_Type": 0, "L2_Category_name": [102]}, "402": {"stars": [1.0], "Location_id": [506], "POI": "Independent", "POI_Type": 0, "L2_Category_name": [27]}, "403": {"stars": [2.5], "Location_id": [507], "POI": "Independent", "POI_Type": 0, "L2_Category_name": [5]}, "404": {"stars": [2.0], "Location_id": [508], "POI": "Independent", "POI_Type": 0, "L2_Category_name": [66]}, "405": {"stars": [3.0], "Location_id": [509], "POI": "Independent", "POI_Type": 0, "L2_Category_name": [5]}, "406": {"stars": [3.0], "Location_id": [510], "POI": "Independent", "POI_Type": 0, "L2_Category_name": [5]}, "407": {"stars": [4.0], "Location_id": [511], "POI": "Independent", "POI_Type": 0, "L2_Category_name": [11]}, "408": {"stars": [4.0], "Location_id": [512], "POI": "Independent", "POI_Type": 0, "L2_Category_name": [70]}, "409": {"stars": [4.0], "Location_id": [513], "POI": "Independent", "POI_Type": 0, "L2_Category_name": [124]}, "410": {"stars": [3.5], "Location_id": [514], "POI": "Independent", "POI_Type": 0, "L2_Category_name": [125]}, "411": {"stars": [3.5], "Location_id": [515], "POI": "Independent", "POI_Type": 0, "L2_Category_name": [14]}, "412": {"stars": [2.5], "Location_id": [516], "POI": "Independent", "POI_Type": 0, "L2_Category_name": [4]}, "413": {"stars": [4.5], "Location_id": [517], "POI": "Independent", "POI_Type": 0, "L2_Category_name": [71]}, "414": {"stars": [4.0], "Location_id": [518], "POI": "Independent", "POI_Type": 0, "L2_Category_name": [5]}, "415": {"stars": [3.0], "Location_id": [519], "POI": "Independent", "POI_Type": 0, "L2_Category_name": [126]}, "416": {"stars": [2.0], "Location_id": [520], "POI": "Independent", "POI_Type": 0, "L2_Category_name": [22]}, "417": {"stars": [3.0], "Location_id": [521], "POI": "Independent", "POI_Type": 0, "L2_Category_name": [29]}, "418": {"stars": [4.0], "Location_id": [524], "POI": "Independent", "POI_Type": 0, "L2_Category_name": [64]}, "419": {"stars": [3.0], "Location_id": [525], "POI": "Independent", "POI_Type": 0, "L2_Category_name": [5]}, "420": {"stars": [4.0], "Location_id": [526], "POI": "Independent", "POI_Type": 0, "L2_Category_name": [127]}, "421": {"stars": [4.0], "Location_id": [527], "POI": "Independent", "POI_Type": 0, "L2_Category_name": [73]}, "422": {"stars": [3.5], "Location_id": [528], "POI": "Independent", "POI_Type": 0, "L2_Category_name": [2]}, "423": {"stars": [4.0], "Location_id": [535], "POI": "Independent", "POI_Type": 0, "L2_Category_name": [14]}, "424": {"stars": [2.5], "Location_id": [536], "POI": "Independent", "POI_Type": 0, "L2_Category_name": [27]}, "425": {"stars": [2.0], "Location_id": [539], "POI": "Independent", "POI_Type": 0, "L2_Category_name": [27]}, "426": {"stars": [1.0], "Location_id": [541], "POI": "Independent", "POI_Type": 0, "L2_Category_name": [17]}, "427": {"stars": [2.5], "Location_id": [542], "POI": "Independent", "POI_Type": 0, "L2_Category_name": [3]}, "428": {"stars": [3.0], "Location_id": [543], "POI": "Independent", "POI_Type": 0, "L2_Category_name": [4]}, "429": {"stars": [2.5], "Location_id": [544], "POI": "Independent", "POI_Type": 0, "L2_Category_name": [128]}, "430": {"stars": [3.5], "Location_id": [545], "POI": "Independent", "POI_Type": 0, "L2_Category_name": [129]}, "431": {"stars": [3.0], "Location_id": [546], "POI": "Independent", "POI_Type": 0, "L2_Category_name": [66]}, "432": {"stars": [3.5], "Location_id": [547], "POI": "Independent", "POI_Type": 0, "L2_Category_name": [130]}, "433": {"stars": [4.5], "Location_id": [548], "POI": "Independent", "POI_Type": 0, "L2_Category_name": [5]}, "434": {"stars": [4.0], "Location_id": [549], "POI": "Independent", "POI_Type": 0, "L2_Category_name": [70]}, "435": {"stars": [4.0], "Location_id": [551], "POI": "Independent", "POI_Type": 0, "L2_Category_name": [22]}, "436": {"stars": [3.5], "Location_id": [552], "POI": "Independent", "POI_Type": 0, "L2_Category_name": [33]}, "437": {"stars": [4.5], "Location_id": [554], "POI": "Independent", "POI_Type": 0, "L2_Category_name": [120]}, "438": {"stars": [3.5], "Location_id": [558], "POI": "Independent", "POI_Type": 0, "L2_Category_name": [22]}, "439": {"stars": [3.5], "Location_id": [559], "POI": "Independent", "POI_Type": 0, "L2_Category_name": [4]}, "440": {"stars": [2.5], "Location_id": [560], "POI": "Independent", "POI_Type": 0, "L2_Category_name": [132]}, "441": {"stars": [3.5], "Location_id": [561], "POI": "Independent", "POI_Type": 0, "L2_Category_name": [14]}, "442": {"stars": [3.0], "Location_id": [562], "POI": "Independent", "POI_Type": 0, "L2_Category_name": [5]}, "443": {"stars": [3.5], "Location_id": [563], "POI": "Independent", "POI_Type": 0, "L2_Category_name": [61]}, "444": {"stars": [3.5], "Location_id": [565], "POI": "Independent", "POI_Type": 0, "L2_Category_name": [5]}, "445": {"stars": [4.0], "Location_id": [566], "POI": "Independent", "POI_Type": 0, "L2_Category_name": [132]}, "446": {"stars": [2.5], "Location_id": [567], "POI": "Independent", "POI_Type": 0, "L2_Category_name": [5]}, "447": {"stars": [2.5], "Location_id": [569], "POI": "Independent", "POI_Type": 0, "L2_Category_name": [5]}, "448": {"stars": [2.5], "Location_id": [570], "POI": "Independent", "POI_Type": 0, "L2_Category_name": [17]}, "449": {"stars": [3.5], "Location_id": [571], "POI": "Independent", "POI_Type": 0, "L2_Category_name": [22]}, "450": {"stars": [4.0], "Location_id": [572], "POI": "Independent", "POI_Type": 0, "L2_Category_name": [11]}, "451": {"stars": [4.0], "Location_id": [573], "POI": "Independent", "POI_Type": 0, "L2_Category_name": [93]}, "452": {"stars": [2.0], "Location_id": [574], "POI": "Independent", "POI_Type": 0, "L2_Category_name": [27]}, "453": {"stars": [3.5], "Location_id": [576], "POI": "Independent", "POI_Type": 0, "L2_Category_name": [72]}, "454": {"stars": [4.5], "Location_id": [577], "POI": "Independent", "POI_Type": 0, "L2_Category_name": [72]}, "455": {"stars": [4.5], "Location_id": [578], "POI": "Combined", "POI_Type": 1, "L2_Category_name": [22]}, "456": {"stars": [3.5], "Location_id": [582], "POI": "Independent", "POI_Type": 0, "L2_Category_name": [104]}, "457": {"stars": [2.5], "Location_id": [584], "POI": "Independent", "POI_Type": 0, "L2_Category_name": [69]}, "458": {"stars": [3.5], "Location_id": [585], "POI": "Independent", "POI_Type": 0, "L2_Category_name": [75]}, "459": {"stars": [2.0], "Location_id": [586], "POI": "Independent", "POI_Type": 0, "L2_Category_name": [82]}, "460": {"stars": [3.0], "Location_id": [587], "POI": "Independent", "POI_Type": 0, "L2_Category_name": [133]}, "461": {"stars": [3.0], "Location_id": [588], "POI": "Independent", "POI_Type": 0, "L2_Category_name": [5]}, "462": {"stars": [3.5], "Location_id": [590], "POI": "Independent", "POI_Type": 0, "L2_Category_name": [10]}, "463": {"stars": [4.0], "Location_id": [591], "POI": "Independent", "POI_Type": 0, "L2_Category_name": [53]}, "464": {"stars": [3.0], "Location_id": [592], "POI": "Independent", "POI_Type": 0, "L2_Category_name": [0]}, "465": {"stars": [2.5], "Location_id": [593], "POI": "Independent", "POI_Type": 0, "L2_Category_name": [56]}, "466": {"stars": [3.5], "Location_id": [594], "POI": "Independent", "POI_Type": 0, "L2_Category_name": [14]}, "467": {"stars": [2.0], "Location_id": [595], "POI": "Independent", "POI_Type": 0, "L2_Category_name": [85]}, "468": {"stars": [3.5], "Location_id": [596], "POI": "Independent", "POI_Type": 0, "L2_Category_name": [5]}, "469": {"stars": [3.0], "Location_id": [597], "POI": "Independent", "POI_Type": 0, "L2_Category_name": [5]}, "470": {"stars": [4.0], "Location_id": [598], "POI": "Independent", "POI_Type": 0, "L2_Category_name": [13]}, "471": {"stars": [3.0], "Location_id": [600], "POI": "Independent", "POI_Type": 0, "L2_Category_name": [5]}, "472": {"stars": [4.0], "Location_id": [602], "POI": "Independent", "POI_Type": 0, "L2_Category_name": [111]}, "473": {"stars": [4.0], "Location_id": [605], "POI": "Independent", "POI_Type": 0, "L2_Category_name": [5]}, "474": {"stars": [3.5], "Location_id": [606], "POI": "Independent", "POI_Type": 0, "L2_Category_name": [15]}, "475": {"stars": [3.5], "Location_id": [607], "POI": "Independent", "POI_Type": 0, "L2_Category_name": [3]}, "476": {"stars": [2.5], "Location_id": [608], "POI": "Independent", "POI_Type": 0, "L2_Category_name": [134]}, "477": {"stars": [4.0], "Location_id": [609], "POI": "Independent", "POI_Type": 0, "L2_Category_name": [53]}, "478": {"stars": [2.5], "Location_id": [610], "POI": "Independent", "POI_Type": 0, "L2_Category_name": [27]}, "479": {"stars": [3.0], "Location_id": [612], "POI": "Independent", "POI_Type": 0, "L2_Category_name": [10]}, "480": {"stars": [4.0], "Location_id": [613], "POI": "Independent", "POI_Type": 0, "L2_Category_name": [0]}, "481": {"stars": [1.5], "Location_id": [614], "POI": "Independent", "POI_Type": 0, "L2_Category_name": [123]}, "482": {"stars": [3.5], "Location_id": [615], "POI": "Independent", "POI_Type": 0, "L2_Category_name": [0]}, "483": {"stars": [3.5], "Location_id": [620], "POI": "Independent", "POI_Type": 0, "L2_Category_name": [72]}, "484": {"stars": [1.5], "Location_id": [622], "POI": "Independent", "POI_Type": 0, "L2_Category_name": [5]}, "485": {"stars": [1.5], "Location_id": [623], "POI": "Independent", "POI_Type": 0, "L2_Category_name": [135]}, "486": {"stars": [3.0], "Location_id": [624], "POI": "Independent", "POI_Type": 0, "L2_Category_name": [91]}, "487": {"stars": [3.5], "Location_id": [625], "POI": "Independent", "POI_Type": 0, "L2_Category_name": [5]}, "488": {"stars": [3.5], "Location_id": [626], "POI": "Independent", "POI_Type": 0, "L2_Category_name": [10]}, "489": {"stars": [4.0], "Location_id": [628], "POI": "Independent", "POI_Type": 0, "L2_Category_name": [9]}, "490": {"stars": [3.5], "Location_id": [629], "POI": "Independent", "POI_Type": 0, "L2_Category_name": [129]}, "491": {"stars": [3.5], "Location_id": [630], "POI": "Independent", "POI_Type": 0, "L2_Category_name": [10]}, "492": {"stars": [3.5], "Location_id": [631], "POI": "Independent", "POI_Type": 0, "L2_Category_name": [136]}, "493": {"stars": [2.0], "Location_id": [632], "POI": "Independent", "POI_Type": 0, "L2_Category_name": [137]}, "494": {"stars": [4.0], "Location_id": [633], "POI": "Independent", "POI_Type": 0, "L2_Category_name": [138]}, "495": {"stars": [4.0], "Location_id": [634], "POI": "Independent", "POI_Type": 0, "L2_Category_name": [65]}, "496": {"stars": [3.5], "Location_id": [635], "POI": "Independent", "POI_Type": 0, "L2_Category_name": [92]}, "497": {"stars": [3.5], "Location_id": [637], "POI": "Independent", "POI_Type": 0, "L2_Category_name": [5]}, "498": {"stars": [1.5], "Location_id": [638], "POI": "Independent", "POI_Type": 0, "L2_Category_name": [28]}, "499": {"stars": [3.5], "Location_id": [639], "POI": "Independent", "POI_Type": 0, "L2_Category_name": [72]}, "500": {"stars": [4.0], "Location_id": [640], "POI": "Independent", "POI_Type": 0, "L2_Category_name": [5]}, "501": {"stars": [3.0], "Location_id": [641], "POI": "Independent", "POI_Type": 0, "L2_Category_name": [74]}, "502": {"stars": [3.0], "Location_id": [642], "POI": "Independent", "POI_Type": 0, "L2_Category_name": [70]}, "503": {"stars": [3.5], "Location_id": [643], "POI": "Independent", "POI_Type": 0, "L2_Category_name": [72]}, "504": {"stars": [3.5], "Location_id": [644], "POI": "Independent", "POI_Type": 0, "L2_Category_name": [139]}, "505": {"stars": [3.0], "Location_id": [645], "POI": "Independent", "POI_Type": 0, "L2_Category_name": [5]}, "506": {"stars": [2.5], "Location_id": [647], "POI": "Independent", "POI_Type": 0, "L2_Category_name": [5]}, "507": {"stars": [3.5], "Location_id": [648], "POI": "Independent", "POI_Type": 0, "L2_Category_name": [1]}, "508": {"stars": [4.5], "Location_id": [649], "POI": "Independent", "POI_Type": 0, "L2_Category_name": [51]}, "509": {"stars": [3.0], "Location_id": [650], "POI": "Independent", "POI_Type": 0, "L2_Category_name": [102]}, "510": {"stars": [4.5], "Location_id": [651], "POI": "Independent", "POI_Type": 0, "L2_Category_name": [126]}, "511": {"stars": [2.0], "Location_id": [652], "POI": "Independent", "POI_Type": 0, "L2_Category_name": [5]}, "512": {"stars": [4.5], "Location_id": [653], "POI": "Independent", "POI_Type": 0, "L2_Category_name": [69]}, "513": {"stars": [4.0], "Location_id": [654], "POI": "Independent", "POI_Type": 0, "L2_Category_name": [133]}, "514": {"stars": [1.5], "Location_id": [655], "POI": "Independent", "POI_Type": 0, "L2_Category_name": [140]}, "515": {"stars": [3.5], "Location_id": [656], "POI": "Independent", "POI_Type": 0, "L2_Category_name": [109]}, "516": {"stars": [3.0], "Location_id": [657], "POI": "Independent", "POI_Type": 0, "L2_Category_name": [49]}, "517": {"stars": [2.5], "Location_id": [658], "POI": "Independent", "POI_Type": 0, "L2_Category_name": [14]}, "518": {"stars": [4.0], "Location_id": [659], "POI": "Independent", "POI_Type": 0, "L2_Category_name": [5]}, "519": {"stars": [5.0], "Location_id": [660], "POI": "Independent", "POI_Type": 0, "L2_Category_name": [33]}, "520": {"stars": [2.5], "Location_id": [661], "POI": "Combined", "POI_Type": 1, "L2_Category_name": [5]}, "521": {"stars": [3.5], "Location_id": [662], "POI": "Independent", "POI_Type": 0, "L2_Category_name": [133]}, "522": {"stars": [4.0], "Location_id": [663], "POI": "Independent", "POI_Type": 0, "L2_Category_name": [141]}, "523": {"stars": [4.0], "Location_id": [664], "POI": "Independent", "POI_Type": 0, "L2_Category_name": [4]}, "524": {"stars": [3.5], "Location_id": [665], "POI": "Independent", "POI_Type": 0, "L2_Category_name": [14]}, "525": {"stars": [4.0], "Location_id": [666], "POI": "Independent", "POI_Type": 0, "L2_Category_name": [5]}, "526": {"stars": [3.0], "Location_id": [667], "POI": "Independent", "POI_Type": 0, "L2_Category_name": [5]}, "527": {"stars": [3.0], "Location_id": [668], "POI": "Independent", "POI_Type": 0, "L2_Category_name": [129]}, "528": {"stars": [3.0], "Location_id": [669], "POI": "Independent", "POI_Type": 0, "L2_Category_name": [2]}, "529": {"stars": [3.0], "Location_id": [670], "POI": "Independent", "POI_Type": 0, "L2_Category_name": [39]}, "530": {"stars": [4.0], "Location_id": [671], "POI": "Independent", "POI_Type": 0, "L2_Category_name": [2]}, "531": {"stars": [2.0], "Location_id": [672], "POI": "Independent", "POI_Type": 0, "L2_Category_name": [4]}, "532": {"stars": [5.0], "Location_id": [674], "POI": "Independent", "POI_Type": 0, "L2_Category_name": [142]}, "533": {"stars": [3.0], "Location_id": [675], "POI": "Independent", "POI_Type": 0, "L2_Category_name": [2]}, "534": {"stars": [4.5], "Location_id": [676], "POI": "Independent", "POI_Type": 0, "L2_Category_name": [14]}, "535": {"stars": [3.0], "Location_id": [677], "POI": "Independent", "POI_Type": 0, "L2_Category_name": [53]}, "536": {"stars": [3.5], "Location_id": [678], "POI": "Independent", "POI_Type": 0, "L2_Category_name": [22]}, "537": {"stars": [4.0], "Location_id": [681], "POI": "Independent", "POI_Type": 0, "L2_Category_name": [143]}, "538": {"stars": [2.5], "Location_id": [682], "POI": "Independent", "POI_Type": 0, "L2_Category_name": [60]}, "539": {"stars": [3.0], "Location_id": [683], "POI": "Independent", "POI_Type": 0, "L2_Category_name": [107]}, "540": {"stars": [3.5], "Location_id": [684], "POI": "Independent", "POI_Type": 0, "L2_Category_name": [15]}, "541": {"stars": [2.5], "Location_id": [686], "POI": "Independent", "POI_Type": 0, "L2_Category_name": [27]}, "542": {"stars": [4.0], "Location_id": [688], "POI": "Independent", "POI_Type": 0, "L2_Category_name": [83]}, "543": {"stars": [4.0], "Location_id": [689], "POI": "Independent", "POI_Type": 0, "L2_Category_name": [144]}, "544": {"stars": [4.0], "Location_id": [690], "POI": "Independent", "POI_Type": 0, "L2_Category_name": [43]}, "545": {"stars": [3.0], "Location_id": [691], "POI": "Independent", "POI_Type": 0, "L2_Category_name": [12]}, "546": {"stars": [4.5], "Location_id": [692], "POI": "Independent", "POI_Type": 0, "L2_Category_name": [81]}, "547": {"stars": [2.5], "Location_id": [693], "POI": "Independent", "POI_Type": 0, "L2_Category_name": [82]}, "548": {"stars": [4.0], "Location_id": [694], "POI": "Independent", "POI_Type": 0, "L2_Category_name": [70]}, "549": {"stars": [4.0], "Location_id": [695], "POI": "Independent", "POI_Type": 0, "L2_Category_name": [60]}, "550": {"stars": [2.0], "Location_id": [698], "POI": "Independent", "POI_Type": 0, "L2_Category_name": [27]}, "551": {"stars": [4.5], "Location_id": [699], "POI": "Independent", "POI_Type": 0, "L2_Category_name": [133]}, "552": {"stars": [3.5], "Location_id": [701], "POI": "Independent", "POI_Type": 0, "L2_Category_name": [1]}, "553": {"stars": [2.5], "Location_id": [702], "POI": "Independent", "POI_Type": 0, "L2_Category_name": [21]}, "554": {"stars": [3.5], "Location_id": [704], "POI": "Independent", "POI_Type": 0, "L2_Category_name": [145]}, "555": {"stars": [3.5], "Location_id": [705], "POI": "Independent", "POI_Type": 0, "L2_Category_name": [56]}, "556": {"stars": [2.5], "Location_id": [706], "POI": "Independent", "POI_Type": 0, "L2_Category_name": [5]}, "557": {"stars": [3.0], "Location_id": [707], "POI": "Independent", "POI_Type": 0, "L2_Category_name": [27]}, "558": {"stars": [3.5], "Location_id": [708], "POI": "Independent", "POI_Type": 0, "L2_Category_name": [22]}, "559": {"stars": [3.0], "Location_id": [709], "POI": "Independent", "POI_Type": 0, "L2_Category_name": [60]}, "560": {"stars": [3.0], "Location_id": [710], "POI": "Independent", "POI_Type": 0, "L2_Category_name": [102]}, "561": {"stars": [3.5], "Location_id": [711], "POI": "Independent", "POI_Type": 0, "L2_Category_name": [56]}, "562": {"stars": [3.0], "Location_id": [713], "POI": "Independent", "POI_Type": 0, "L2_Category_name": [63]}, "563": {"stars": [4.0], "Location_id": [716], "POI": "Independent", "POI_Type": 0, "L2_Category_name": [22]}, "564": {"stars": [4.0], "Location_id": [718], "POI": "Independent", "POI_Type": 0, "L2_Category_name": [15]}, "565": {"stars": [1.5], "Location_id": [719], "POI": "Independent", "POI_Type": 0, "L2_Category_name": [72]}, "566": {"stars": [3.5], "Location_id": [720], "POI": "Independent", "POI_Type": 0, "L2_Category_name": [70]}, "567": {"stars": [4.0], "Location_id": [721], "POI": "Independent", "POI_Type": 0, "L2_Category_name": [100]}, "568": {"stars": [5.0], "Location_id": [722], "POI": "Independent", "POI_Type": 0, "L2_Category_name": [112]}, "569": {"stars": [3.0], "Location_id": [723], "POI": "Independent", "POI_Type": 0, "L2_Category_name": [70]}, "570": {"stars": [3.5], "Location_id": [724], "POI": "Independent", "POI_Type": 0, "L2_Category_name": [123]}, "571": {"stars": [3.5], "Location_id": [725], "POI": "Independent", "POI_Type": 0, "L2_Category_name": [116]}, "572": {"stars": [4.0], "Location_id": [726], "POI": "Independent", "POI_Type": 0, "L2_Category_name": [14]}, "573": {"stars": [4.0], "Location_id": [727], "POI": "Independent", "POI_Type": 0, "L2_Category_name": [45]}, "574": {"stars": [4.0], "Location_id": [728], "POI": "Independent", "POI_Type": 0, "L2_Category_name": [92]}, "575": {"stars": [3.5], "Location_id": [729], "POI": "Independent", "POI_Type": 0, "L2_Category_name": [70]}, "576": {"stars": [4.5], "Location_id": [730], "POI": "Independent", "POI_Type": 0, "L2_Category_name": [146]}, "577": {"stars": [2.0], "Location_id": [731], "POI": "Independent", "POI_Type": 0, "L2_Category_name": [147]}, "578": {"stars": [3.5], "Location_id": [732], "POI": "Independent", "POI_Type": 0, "L2_Category_name": [5]}, "579": {"stars": [3.0], "Location_id": [733], "POI": "Independent", "POI_Type": 0, "L2_Category_name": [10]}, "580": {"stars": [2.5], "Location_id": [734], "POI": "Independent", "POI_Type": 0, "L2_Category_name": [58]}, "581": {"stars": [3.5], "Location_id": [735], "POI": "Independent", "POI_Type": 0, "L2_Category_name": [14]}, "582": {"stars": [1.5], "Location_id": [736], "POI": "Independent", "POI_Type": 0, "L2_Category_name": [50]}, "583": {"stars": [3.0], "Location_id": [741], "POI": "Independent", "POI_Type": 0, "L2_Category_name": [14]}, "584": {"stars": [4.0], "Location_id": [742], "POI": "Independent", "POI_Type": 0, "L2_Category_name": [100]}, "585": {"stars": [4.0], "Location_id": [744], "POI": "Independent", "POI_Type": 0, "L2_Category_name": [12]}, "586": {"stars": [4.5], "Location_id": [745], "POI": "Independent", "POI_Type": 0, "L2_Category_name": [102]}, "587": {"stars": [3.5], "Location_id": [746], "POI": "Independent", "POI_Type": 0, "L2_Category_name": [102]}, "588": {"stars": [3.5], "Location_id": [747], "POI": "Independent", "POI_Type": 0, "L2_Category_name": [63]}, "589": {"stars": [2.5], "Location_id": [748], "POI": "Independent", "POI_Type": 0, "L2_Category_name": [27]}}