Item_id,POI_Type,L2_Category_name,stars,clusters
0,0,0,3.5,0
0,0,1,2.5,0
0,0,2,1.5,0
0,0,3,3.0,0
0,0,4,4.5,0
1,1,5,3.5,1
2,1,6,2.5,1
3,1,7,2.5,2
4,1,8,1.0,0
5,1,9,3.0,0
6,1,10,4.0,2
0,0,11,3.0,0
7,0,3,3.0,3
0,0,12,3.5,0
8,0,13,4.0,4
9,1,14,3.0,0
10,1,12,2.5,0
11,1,15,4.0,0
12,1,16,2.5,0
13,1,17,3.5,5
14,1,6,3.5,0
0,0,18,3.5,0
15,1,19,3.0,1
16,1,16,2.5,2
17,1,20,3.5,2
18,1,21,4.0,2
19,1,12,2.5,0
20,1,22,3.5,4
21,1,12,4.0,0
22,1,23,5.0,6
23,1,20,2.5,0
8,0,24,4.5,4
24,1,9,4.0,2
25,0,25,4.0,0
26,0,12,2.5,0
27,1,26,4.0,6
28,1,27,4.0,0
29,0,28,3.0,2
30,1,9,4.0,0
31,1,29,3.5,2
25,0,12,3.5,0
32,1,30,4.0,1
33,0,9,4.0,2
34,1,12,3.5,7
35,1,31,2.5,4
36,1,31,4.0,4
37,0,32,4.5,4
38,1,33,3.5,0
39,1,8,4.0,0
40,1,34,4.0,2
41,0,35,4.0,4
42,1,16,2.0,4
43,1,16,2.5,2
44,1,19,2.5,2
0,0,36,2.0,0
45,1,34,4.5,0
46,1,37,4.5,0
47,1,38,4.0,0
48,1,39,3.0,0
49,1,16,4.0,2
50,0,1,3.0,1
50,0,4,3.0,1
50,0,40,3.5,1
51,1,14,3.0,1
52,1,15,3.5,1
53,1,34,4.0,2
54,1,41,3.0,2
55,1,42,1.0,1
56,0,43,3.0,1
56,0,44,3.0,1
57,1,16,2.0,1
58,1,16,3.0,1
59,1,6,3.0,1
56,0,45,3.0,1
56,0,21,4.0,1
60,1,46,4.5,1
33,0,43,3.0,2
33,0,44,3.5,2
33,0,44,3.0,2
61,1,47,2.5,1
62,1,48,2.5,1
50,0,49,4.0,1
63,1,14,3.0,1
64,1,16,2.5,1
56,0,26,3.0,1
56,0,44,4.0,1
56,0,44,3.5,1
65,1,27,1.5,1
66,1,50,3.5,2
67,1,50,3.0,2
68,1,6,3.5,1
69,1,6,3.0,2
70,1,6,4.5,2
71,1,37,2.5,1
72,1,22,3.5,1
73,1,44,4.0,1
74,1,51,4.5,2
75,1,52,3.0,2
76,0,37,4.0,4
77,1,53,4.5,1
78,1,54,4.5,1
79,1,55,4.0,1
80,1,37,3.5,1
56,0,22,3.5,1
81,1,14,2.5,1
82,1,41,5.0,1
83,1,41,2.5,1
56,0,43,5.0,1
41,0,56,4.0,4
41,0,57,3.5,4
50,0,58,1.5,1
8,0,59,2.5,4
84,1,59,2.5,4
41,0,45,3.0,4
56,0,43,2.5,1
85,1,60,4.0,4
86,1,61,4.0,3
87,1,6,1.5,5
88,1,6,4.0,0
89,1,6,4.0,4
90,1,6,4.5,2
91,1,7,3.5,0
92,1,62,4.5,2
93,1,60,4.0,2
94,1,63,3.5,0
95,1,64,3.5,2
96,1,64,3.5,2
97,1,14,4.0,0
98,1,53,4.5,0
99,1,65,4.0,0
29,0,66,4.0,2
100,1,66,3.5,2
101,1,67,4.0,2
102,1,66,5.0,2
103,0,68,4.0,3
104,0,69,4.5,6
8,0,70,3.5,4
105,1,27,4.0,2
106,1,37,4.0,2
107,1,71,3.0,1
108,0,12,3.0,1
109,1,72,2.5,3
110,0,73,3.0,8
111,1,6,4.0,2
76,0,27,4.0,4
29,0,37,4.0,2
112,1,19,3.0,2
29,0,54,4.0,2
113,1,37,3.0,2
29,0,37,1.5,2
114,1,54,3.0,2
115,1,72,2.0,1
116,1,74,3.0,2
117,1,75,4.5,6
118,1,54,3.0,6
119,1,74,2.0,2
120,1,76,3.5,6
50,0,77,3.0,1
50,0,11,2.5,1
50,0,78,3.0,1
50,0,27,2.0,1
50,0,11,3.5,1
50,0,79,4.5,1
50,0,80,5.0,1
121,1,54,2.5,1
122,1,20,2.5,1
123,1,42,4.0,1
124,1,33,3.0,1
125,1,71,3.0,1
126,1,81,3.5,3
127,1,44,3.5,4
128,1,82,3.5,3
129,1,55,4.0,3
130,1,50,2.5,8
131,1,25,5.0,3
132,0,52,3.5,3
0,0,83,3.5,0
133,1,6,3.5,7
134,0,84,3.0,7
134,0,85,2.5,7
134,0,27,2.0,7
135,1,6,3.5,6
136,1,74,3.0,4
137,1,86,2.0,5
138,0,9,3.0,7
41,0,2,3.0,4
139,1,42,1.5,3
140,1,12,3.5,7
141,1,65,3.0,7
142,1,22,4.5,4
143,1,87,4.0,1
144,1,88,4.5,1
145,1,34,4.5,2
146,1,89,3.5,4
147,1,90,4.5,0
148,0,6,4.5,4
149,1,22,4.0,2
150,1,65,4.0,0
151,1,26,4.0,4
152,0,4,2.5,9
152,0,37,2.5,9
153,0,91,3.5,6
8,0,54,3.5,4
41,0,72,4.5,4
104,0,37,3.0,6
8,0,22,4.5,4
154,0,37,4.0,0
8,0,92,3.5,4
41,0,93,4.0,4
155,1,37,3.5,2
156,1,70,3.0,2
8,0,90,2.5,4
157,1,94,3.0,0
158,1,31,4.0,0
8,0,95,1.5,4
154,0,73,4.0,0
41,0,1,4.0,4
8,0,42,3.5,4
159,1,94,3.5,4
160,1,2,2.5,0
161,1,2,2.0,0
162,1,54,4.0,4
163,1,31,4.0,0
8,0,4,3.0,4
164,1,96,3.5,3
165,0,97,3.5,6
165,0,2,2.5,6
165,0,37,3.5,6
165,0,55,2.0,6
166,1,20,4.0,3
76,0,90,4.0,4
167,1,2,2.5,0
0,0,15,2.5,0
168,1,98,2.5,0
169,1,98,4.5,6
170,1,6,3.5,0
8,0,98,2.0,4
165,0,99,3.5,6
171,1,25,2.0,4
172,1,9,3.5,2
173,1,9,2.5,2
174,1,100,4.5,1
175,0,71,3.0,4
175,0,9,4.0,4
175,0,9,3.5,4
37,0,12,2.5,4
176,1,101,4.0,2
177,1,6,3.0,2
165,0,4,2.5,6
178,1,17,2.5,6
103,0,12,3.5,3
8,0,70,4.5,4
179,0,30,4.0,4
8,0,12,4.5,4
180,0,27,2.0,8
181,0,4,2.5,5
182,0,20,3.5,3
182,0,37,3.0,3
183,1,102,3.0,1
184,1,63,3.5,7
185,1,103,5.0,7
186,1,25,2.5,4
187,0,12,3.0,7
188,0,12,3.0,7
187,0,104,5.0,7
187,0,24,3.5,7
187,0,97,2.5,7
189,1,105,4.0,9
190,1,71,4.0,6
191,0,12,3.0,9
8,0,37,3.0,4
192,1,65,3.5,4
193,1,105,2.0,5
25,0,106,4.0,0
194,1,54,4.0,6
195,1,107,4.5,1
50,0,108,2.5,1
56,0,109,3.5,1
196,1,42,4.0,3
197,1,2,2.5,3
198,1,6,4.5,3
199,1,39,2.5,3
200,1,54,3.5,3
201,1,110,2.5,3
202,1,92,3.5,3
203,1,12,3.0,8
204,0,83,3.0,8
205,1,111,3.0,5
206,1,112,3.0,5
207,1,113,3.0,5
208,1,6,3.5,8
209,0,65,3.0,5
210,1,98,2.5,5
211,1,20,2.0,5
212,1,37,3.0,8
132,0,20,2.0,3
209,0,37,2.5,5
213,1,20,2.5,5
204,0,20,2.0,8
7,0,2,1.5,3
214,1,114,4.0,3
215,1,27,1.5,3
132,0,22,2.5,3
216,0,22,2.0,8
217,1,9,2.0,8
218,1,2,1.5,3
219,1,25,4.0,5
152,0,18,3.0,9
209,0,20,2.0,5
220,1,53,4.5,0
221,1,9,3.0,3
132,0,4,3.5,3
222,1,93,4.5,8
8,0,10,3.5,4
223,1,115,3.0,5
224,1,115,3.0,5
225,1,116,3.0,5
226,1,20,2.0,5
227,1,111,3.0,5
228,1,117,2.0,9
229,1,42,2.0,2
230,1,20,1.5,8
231,1,118,3.0,5
232,1,99,3.5,3
233,1,115,3.0,5
234,1,105,3.0,5
235,1,105,2.0,8
236,1,9,2.5,5
237,1,20,4.0,8
238,1,20,1.5,3
239,1,22,3.5,5
216,0,4,3.0,8
240,1,12,3.0,3
241,1,116,3.0,5
242,1,20,1.5,3
243,1,115,3.0,5
244,1,118,3.0,5
245,0,27,3.5,8
138,0,6,4.0,7
182,0,9,2.5,3
246,1,110,2.5,3
110,0,110,3.0,8
247,1,20,3.0,3
132,0,105,4.5,3
7,0,84,3.5,3
204,0,12,3.5,8
248,1,2,3.5,3
249,1,2,3.5,3
180,0,27,2.5,8
250,1,27,4.0,4
182,0,27,3.0,3
56,0,2,2.0,1
56,0,11,3.5,1
251,1,119,3.0,1
252,1,120,2.5,1
56,0,70,3.5,1
253,1,121,4.5,6
254,1,122,2.5,6
255,1,123,3.0,8
256,0,14,2.0,3
7,0,28,3.0,3
257,1,12,3.5,5
258,1,12,3.0,0
259,1,16,2.0,3
260,1,16,2.0,3
261,1,25,4.0,7
256,0,12,3.0,3
25,0,124,4.5,0
262,1,125,3.5,0
103,0,85,3.0,3
182,0,6,3.0,3
103,0,120,3.5,3
182,0,68,3.5,3
182,0,90,3.0,3
263,1,57,3.0,3
264,1,12,3.5,3
7,0,25,4.5,3
265,1,16,1.5,5
266,1,6,3.0,3
0,0,37,2.5,0
267,0,9,3.5,7
267,0,126,2.5,7
8,0,22,4.0,4
8,0,11,3.0,4
268,1,104,3.0,3
269,1,20,3.5,3
270,0,105,2.5,5
270,0,4,2.0,5
271,1,93,4.0,4
272,1,22,2.5,0
273,0,94,2.0,5
7,0,17,3.0,3
7,0,57,3.5,3
50,0,54,3.5,1
274,1,22,4.0,1
56,0,52,3.0,1
56,0,14,4.5,1
50,0,127,2.5,1
50,0,80,4.5,1
275,1,22,4.0,1
276,1,128,4.0,0
277,1,31,4.5,0
278,1,7,3.0,1
8,0,12,3.0,4
8,0,2,3.0,4
8,0,16,2.5,4
279,1,37,4.0,1
280,1,129,5.0,0
281,1,130,2.5,1
8,0,19,3.0,4
25,0,56,4.0,0
282,1,6,3.5,1
283,1,86,1.5,1
284,1,60,4.0,2
25,0,37,4.0,0
8,0,3,2.5,4
285,1,131,4.0,6
41,0,49,2.0,4
286,1,9,3.5,3
7,0,92,3.5,3
287,1,91,4.5,0
103,0,12,2.5,3
288,1,12,2.5,3
103,0,16,2.5,3
103,0,37,3.0,3
289,1,63,3.5,0
290,1,20,2.5,0
291,1,38,4.5,0
56,0,37,3.0,1
292,1,105,3.0,3
293,1,50,2.5,0
294,1,98,2.0,3
295,0,15,2.0,0
296,1,75,4.0,2
297,1,93,4.5,2
148,0,44,4.0,4
298,1,25,2.5,3
299,1,57,4.0,3
300,1,94,2.0,3
301,1,58,4.0,0
302,1,55,2.0,3
303,1,108,2.5,2
154,0,124,3.5,0
182,0,58,3.5,3
304,1,11,3.0,3
103,0,15,3.0,3
305,1,37,3.5,2
306,1,94,3.5,3
307,1,132,5.0,0
308,1,9,2.5,3
309,1,20,3.5,0
310,1,93,3.0,3
311,1,14,3.5,6
312,1,27,4.5,7
313,1,22,3.5,4
314,1,100,4.5,4
315,1,27,3.5,3
316,1,133,4.5,0
103,0,6,4.0,3
317,1,27,4.0,3
318,1,7,2.5,4
319,1,59,3.0,2
320,1,37,3.5,0
321,1,134,4.5,4
322,1,49,2.5,4
323,1,124,3.5,4
324,1,135,4.5,2
325,1,38,3.5,3
25,0,16,5.0,0
326,1,136,1.0,2
327,1,137,4.0,2
328,1,38,3.0,2
103,0,20,2.0,3
329,1,37,2.5,4
188,0,91,4.0,7
138,0,105,3.5,7
330,1,6,3.0,4
331,1,37,4.5,0
332,1,20,1.0,0
333,1,12,4.0,3
8,0,58,3.0,4
154,0,55,3.5,0
334,1,95,3.0,3
335,1,20,2.5,0
336,1,105,2.5,3
337,1,20,2.0,3
338,1,138,4.0,3
56,0,44,2.5,1
339,1,9,3.0,2
8,0,104,4.5,4
41,0,54,3.0,4
340,1,54,4.0,1
341,0,12,3.5,9
342,1,37,2.5,9
343,1,38,3.5,6
344,1,37,4.5,7
8,0,29,3.5,4
8,0,20,2.5,4
345,1,37,3.5,7
346,1,25,3.0,0
347,0,55,2.5,7
348,1,44,3.5,1
341,0,57,3.5,9
341,0,24,4.5,9
7,0,4,3.0,3
56,0,9,3.5,1
349,1,41,4.0,2
350,1,42,3.5,7
8,0,9,4.0,4
351,1,15,3.0,7
25,0,9,2.5,0
191,0,37,3.0,9
352,1,26,4.5,3
8,0,48,3.0,4
353,0,11,4.0,3
354,1,16,2.0,3
355,1,6,4.0,9
356,1,2,3.0,0
8,0,25,4.0,4
357,1,14,3.0,3
8,0,14,3.5,4
358,1,12,2.5,3
191,0,2,3.0,9
359,1,6,4.0,8
267,0,16,2.5,7
360,1,15,2.5,4
361,1,108,2.0,0
362,1,4,2.5,9
363,1,42,2.0,2
148,0,53,4.0,4
364,1,6,3.5,4
365,1,57,4.5,4
25,0,55,3.0,0
366,1,12,3.5,2
367,1,89,3.5,0
368,1,98,2.5,9
369,0,12,3.5,9
370,1,54,4.0,2
29,0,22,2.5,2
371,0,12,3.0,9
341,0,90,4.0,9
341,0,6,3.5,9
372,1,108,1.5,3
373,1,22,3.5,3
374,1,16,3.0,3
375,1,2,2.0,9
376,1,139,4.5,6
377,1,70,3.5,3
341,0,27,3.5,9
378,1,58,4.0,9
379,0,49,3.0,8
380,0,86,5.0,9
380,0,20,4.0,9
8,0,79,4.0,4
381,1,74,2.0,2
382,1,74,3.5,2
383,1,140,3.0,0
384,1,20,2.0,7
385,1,141,2.5,6
379,0,9,3.5,8
386,1,14,3.5,0
387,1,142,4.5,2
388,1,6,3.0,2
29,0,143,3.0,2
389,1,20,3.5,0
154,0,91,3.5,0
390,1,20,1.5,0
391,1,37,2.0,0
392,1,20,1.5,0
393,1,15,2.5,0
394,1,22,2.5,2
395,1,55,2.5,0
396,1,90,4.5,0
397,1,136,3.0,3
398,1,49,3.5,2
179,0,42,4.5,4
399,1,6,3.0,1
400,1,144,4.0,4
401,1,15,2.0,1
402,1,20,2.0,1
25,0,9,3.5,0
148,0,37,3.5,4
104,0,7,3.0,6
8,0,27,4.0,4
403,1,132,3.5,4
182,0,75,3.0,3
404,1,142,5.0,0
405,1,90,4.0,2
8,0,20,2.0,4
406,1,6,3.5,4
41,0,22,3.5,4
407,1,6,2.5,0
408,1,20,2.0,4
37,0,37,3.0,4
409,1,70,3.5,0
0,0,145,2.5,0
410,1,94,4.0,0
411,1,95,3.0,2
412,0,124,3.5,7
412,0,4,3.0,7
181,0,136,3.0,5
25,0,92,3.5,0
413,1,37,3.5,0
414,1,143,4.5,6
148,0,109,2.5,4
415,1,94,3.5,2
416,1,22,4.0,4
417,1,9,3.5,9
153,0,22,4.5,6
104,0,49,4.0,6
412,0,37,2.5,7
418,1,146,4.0,2
419,1,6,3.0,2
420,1,86,4.5,4
421,1,12,3.5,4
353,0,147,4.0,3
353,0,37,4.0,3
422,1,12,2.5,2
423,1,37,3.5,2
8,0,14,4.0,4
424,1,20,2.5,2
425,1,12,4.0,4
426,1,74,3.5,9
427,1,84,3.5,0
428,1,37,4.0,2
429,1,90,4.5,2
430,1,6,3.0,4
431,1,89,3.5,0
153,0,109,3.0,6
432,1,6,2.0,2
433,1,9,4.0,2
434,1,119,4.5,2
37,0,42,4.0,0
435,1,16,2.0,4
436,1,44,3.0,4
437,1,37,2.0,2
438,1,65,3.0,7
439,1,21,3.0,2
440,1,6,4.0,2
441,1,44,4.0,4
8,0,72,2.5,4
33,0,54,4.5,2
442,1,22,3.5,2
443,1,6,3.5,2
444,1,70,4.0,4
33,0,141,2.5,2
445,1,27,3.5,0
446,1,42,3.5,6
447,1,12,2.5,6
448,1,86,1.0,3
449,1,20,3.0,2
450,1,16,3.0,6
451,1,20,2.5,6
412,0,1,3.0,7
452,1,4,3.5,6
453,1,15,3.0,0
454,1,25,2.5,9
455,1,20,3.5,6
456,1,57,3.5,6
457,1,25,5.0,2
458,1,27,2.5,1
412,0,148,2.5,7
459,1,12,3.0,7
267,0,7,3.0,7
460,1,59,3.5,8
461,0,12,2.5,8
341,0,10,3.5,9
462,1,12,3.5,9
463,1,4,2.5,7
341,0,9,3.0,9
341,0,2,2.5,9
464,1,4,3.0,7
412,0,77,3.5,7
371,0,9,2.0,9
465,1,52,3.0,8
466,1,50,2.5,9
134,0,2,3.0,7
467,1,7,4.0,2
8,0,93,4.0,4
468,1,12,4.0,6
469,1,16,2.5,4
470,1,85,4.5,7
471,1,71,3.5,7
472,1,22,4.5,6
41,0,149,4.0,4
41,0,9,3.5,4
473,1,48,3.5,2
474,1,20,2.0,0
475,1,95,3.0,2
476,1,57,3.0,4
477,0,2,4.5,4
478,1,20,3.0,4
479,1,20,3.0,0
480,1,98,3.5,2
481,1,27,3.5,3
482,1,48,4.0,4
483,1,25,4.0,2
484,1,27,1.5,2
485,1,98,3.0,2
486,1,16,2.5,4
8,0,150,3.5,4
487,1,20,2.0,2
488,1,103,2.5,6
489,1,6,4.5,4
490,1,142,2.0,6
148,0,151,4.0,4
25,0,90,3.0,0
491,1,38,4.5,6
179,0,15,4.0,4
8,0,152,2.0,4
492,1,9,2.5,4
493,1,31,3.5,2
494,1,44,3.5,4
41,0,6,4.0,4
495,1,57,3.5,4
496,1,20,1.5,2
497,0,55,2.5,2
498,1,2,2.5,0
0,0,20,3.0,0
0,0,9,1.5,0
33,0,6,3.5,2
499,1,104,2.0,0
29,0,110,2.5,2
500,1,57,3.5,6
501,0,4,1.5,6
502,1,20,3.0,0
8,0,6,4.0,4
503,1,16,2.5,4
504,1,2,2.5,4
8,0,72,2.0,4
505,1,16,3.5,0
37,0,33,5.0,4
37,0,21,3.5,0
506,1,20,3.0,0
507,1,56,4.0,0
508,1,20,2.5,4
509,1,110,3.0,6
510,1,37,2.5,0
511,1,53,4.5,1
512,1,31,4.0,6
513,1,31,3.0,4
514,1,20,3.5,1
515,1,153,4.0,1
516,1,20,2.5,1
517,1,37,3.0,1
518,1,154,3.5,1
0,0,2,3.5,0
50,0,106,3.0,1
519,1,105,3.0,7
520,1,155,2.0,9
521,0,12,4.0,8
522,1,155,2.0,9
523,1,105,3.5,8
216,0,95,3.5,8
524,1,105,2.5,8
525,1,22,2.5,0
526,1,22,4.0,1
33,0,37,3.5,2
527,1,42,4.5,1
528,1,156,4.0,2
529,1,34,3.5,2
530,1,157,4.0,1
531,1,58,3.5,1
532,1,42,4.0,1
533,1,98,2.0,0
534,1,134,2.5,3
535,1,59,3.5,2
536,1,158,4.5,1
537,1,86,2.0,1
538,1,75,3.5,1
539,1,44,4.0,1
540,1,37,2.5,1
541,1,12,4.5,2
542,1,37,4.5,2
543,1,12,4.5,2
544,1,6,3.5,0
545,1,65,3.0,1
546,1,159,5.0,2
547,1,6,4.0,2
548,1,37,4.0,2
549,1,81,4.5,2
550,1,160,3.0,0
551,1,100,3.5,0
552,1,16,2.5,2
553,1,33,4.5,2
25,0,62,4.5,0
554,1,49,2.0,1
555,1,9,3.5,1
165,0,12,3.5,6
556,1,100,4.5,2
273,0,20,2.5,3
273,0,37,2.5,3
557,1,25,5.0,4
165,0,4,3.5,6
56,0,27,3.0,1
558,1,77,3.5,2
559,1,12,1.5,5
560,1,20,2.5,5
561,1,20,3.5,7
562,1,37,3.5,7
187,0,37,3.5,7
563,1,27,4.0,7
564,1,42,1.5,6
267,0,12,4.0,7
565,1,81,4.0,7
267,0,2,2.0,7
566,1,86,3.5,3
181,0,20,2.5,5
567,1,16,2.5,5
267,0,72,2.5,7
568,1,20,3.0,3
569,1,37,2.0,7
570,1,16,3.5,7
412,0,4,3.5,7
341,0,73,3.0,9
341,0,4,3.5,9
571,1,86,1.0,5
572,1,81,2.0,5
0,0,57,1.5,0
573,1,12,2.5,7
574,1,111,3.5,7
575,1,2,2.0,3
576,1,20,1.5,3
577,1,20,1.5,9
578,1,33,4.5,4
579,1,94,3.5,4
56,0,161,4.0,1
580,1,136,3.0,2
581,1,20,3.0,2
56,0,22,4.0,1
41,0,37,3.0,4
148,0,64,4.0,4
582,1,17,3.0,7
583,1,55,3.5,1
584,1,162,4.0,9
585,1,49,3.0,3
586,1,6,3.0,0
587,1,39,4.5,3
588,1,54,3.5,1
589,1,44,3.5,7
148,0,20,3.0,4
590,1,24,4.0,7
591,1,25,5.0,3
592,1,143,4.5,3
593,1,6,4.0,0
341,0,6,3.0,9
594,1,22,3.5,2
595,1,55,4.5,2
596,1,15,3.0,6
8,0,3,5.0,4
597,1,59,2.5,7
76,0,2,3.5,4
179,0,14,4.0,4
598,1,109,4.0,6
153,0,9,4.0,6
599,1,91,4.0,0
412,0,58,4.0,7
412,0,11,3.0,7
104,0,29,4.0,6
600,1,163,4.5,3
601,1,131,3.5,4
187,0,27,3.5,7
602,1,2,4.0,7
603,1,136,2.0,5
604,1,20,2.0,5
187,0,10,3.5,7
605,1,55,3.0,5
187,0,49,3.0,7
187,0,16,2.0,7
606,1,12,3.0,5
607,1,20,2.0,5
187,0,4,4.0,7
270,0,20,2.0,5
608,1,47,3.0,0
609,1,150,4.0,2
501,0,109,3.5,6
610,1,12,4.0,6
175,0,141,4.0,4
175,0,75,3.5,4
347,0,22,3.5,7
611,1,155,3.0,5
153,0,32,4.5,6
182,0,9,3.0,3
148,0,159,2.5,4
612,1,38,3.5,4
613,1,159,3.0,3
614,1,37,3.5,7
152,0,9,3.0,9
152,0,90,3.5,9
110,0,24,2.0,8
615,1,9,3.5,6
616,1,9,4.0,6
617,1,70,4.0,6
618,1,19,2.5,6
76,0,9,3.5,4
187,0,6,3.5,7
619,1,52,3.0,6
620,1,164,4.0,7
621,1,42,4.5,7
622,1,6,3.5,9
341,0,59,2.5,9
623,1,18,3.5,7
624,1,22,4.5,7
625,1,100,4.5,7
626,1,22,3.0,7
341,0,30,3.5,9
627,1,46,4.5,6
628,1,25,2.0,9
380,0,20,2.5,9
629,1,86,2.5,8
521,0,39,3.5,8
630,1,165,3.5,9
631,1,22,4.0,7
8,0,11,3.5,4
632,1,37,4.0,4
477,0,135,4.0,6
41,0,57,5.0,4
76,0,12,3.5,4
633,1,86,3.5,3
634,1,109,3.0,3
635,1,16,3.0,8
7,0,72,2.5,3
636,0,44,3.5,7
636,0,6,4.0,7
637,1,9,3.0,9
270,0,2,2.5,5
270,0,72,1.5,5
41,0,4,3.5,4
41,0,57,4.0,4
41,0,4,3.0,4
638,1,108,2.5,0
639,1,50,2.0,0
640,1,99,3.5,1
50,0,166,3.0,1
641,1,6,2.5,0
642,1,167,4.0,0
643,1,38,2.0,2
644,1,6,3.0,0
645,1,20,2.0,5
646,1,49,4.5,5
647,0,68,5.0,5
647,0,22,4.0,5
648,1,6,3.0,5
649,1,95,2.0,5
650,1,20,1.0,5
651,1,20,2.0,0
652,1,140,1.5,5
653,1,2,1.0,0
654,1,25,3.5,5
655,1,6,2.5,5
656,1,22,2.0,5
657,1,44,4.0,2
658,1,25,3.0,5
659,1,57,2.0,2
660,1,6,4.0,2
661,1,94,2.0,0
662,1,20,2.5,1
663,1,14,2.0,1
56,0,168,3.0,1
664,1,20,2.0,5
665,1,20,3.5,5
148,0,9,4.0,4
666,1,14,3.0,5
667,1,20,2.0,5
668,1,52,3.5,1
56,0,93,4.0,1
669,1,169,3.0,6
670,1,20,2.0,5
181,0,16,2.0,5
671,1,9,2.0,2
672,1,7,4.0,1
673,1,19,2.5,1
674,1,29,4.0,1
675,1,9,4.0,1
676,1,14,3.5,1
371,0,9,2.5,9
371,0,22,4.0,9
216,0,33,5.0,8
677,1,91,4.5,3
678,1,91,4.5,3
216,0,146,4.0,8
679,1,20,2.5,9
680,0,86,3.0,8
681,1,99,2.5,9
521,0,27,2.0,8
682,1,2,2.0,8
683,1,98,3.5,8
110,0,170,3.5,8
461,0,6,2.5,8
684,1,110,3.0,3
685,1,25,4.0,9
686,1,44,3.0,8
687,1,109,3.0,8
688,1,15,3.5,8
689,0,14,2.5,8
216,0,44,3.0,8
50,0,9,3.0,1
690,1,159,3.5,1
691,1,171,3.0,1
41,0,11,2.5,4
692,1,58,3.5,7
693,1,45,2.5,4
694,1,38,5.0,0
695,1,38,1.0,3
696,1,68,4.0,1
697,0,16,2.0,0
698,1,154,4.0,0
699,1,172,4.5,2
29,0,142,2.0,2
179,0,120,4.5,4
700,1,6,4.0,3
701,1,12,2.0,0
165,0,20,2.0,6
702,1,86,3.5,6
703,1,86,3.0,6
501,0,16,2.5,6
501,0,20,1.5,6
704,1,52,4.0,2
705,1,22,2.5,6
706,1,108,3.0,0
707,1,99,2.5,1
708,0,145,4.0,6
709,1,6,3.0,2
165,0,47,2.5,6
8,0,33,4.0,4
710,1,44,3.5,1
711,1,9,3.5,4
8,0,14,2.5,4
712,1,6,3.0,4
8,0,127,3.5,4
713,1,6,4.0,4
714,1,70,3.0,7
715,1,111,2.0,1
187,0,19,2.5,7
341,0,49,2.5,9
341,0,14,3.0,9
341,0,173,2.5,9
716,1,16,3.0,4
717,1,81,4.0,9
718,1,2,2.0,9
341,0,16,1.5,9
719,1,65,3.5,9
720,1,98,4.5,4
341,0,20,2.0,9
721,1,20,2.0,5
722,1,20,1.5,5
110,0,97,2.5,8
723,1,12,3.5,8
724,1,100,4.5,5
209,0,12,3.0,5
725,1,38,3.5,8
726,1,14,1.0,5
727,1,2,2.0,8
180,0,37,3.5,8
728,1,59,2.5,2
729,1,2,1.0,5
730,1,105,3.0,5
731,1,14,2.0,2
732,1,12,3.5,5
733,1,22,3.5,5
734,1,20,1.0,5
735,1,54,3.5,6
736,1,25,2.5,9
737,1,174,4.5,2
738,1,14,3.5,1
739,1,12,2.0,5
740,1,12,3.0,5
741,1,15,3.0,5
273,0,4,2.0,3
8,0,6,3.5,4
110,0,126,2.5,8
742,1,101,3.5,1
743,1,39,3.0,8
744,1,175,4.0,1
165,0,44,4.0,6
745,1,159,3.5,3
56,0,44,2.0,1
501,0,25,3.0,6
501,0,98,2.0,6
746,1,50,2.0,2
747,1,50,3.5,2
165,0,9,2.5,6
748,1,14,3.5,2
749,1,94,2.0,8
41,0,71,4.0,4
750,1,176,2.0,2
751,1,108,3.5,3
752,1,59,3.0,8
753,1,177,1.0,4
50,0,33,4.0,1
754,1,31,3.0,6
755,1,85,3.0,0
26,0,14,3.0,0
76,0,33,3.0,4
76,0,6,4.5,4
756,0,55,4.0,6
757,1,90,2.5,6
758,1,9,3.0,4
759,1,71,3.0,4
760,1,20,2.0,6
761,1,12,4.0,6
762,1,9,4.5,6
763,1,2,2.5,6
764,1,55,3.0,1
765,1,31,4.0,4
766,1,44,4.5,1
767,1,9,2.5,2
412,0,11,4.0,7
768,1,74,4.0,2
769,1,54,3.5,0
154,0,54,4.0,0
770,1,178,3.5,8
771,1,113,3.5,8
689,0,19,4.5,8
772,1,37,3.5,8
773,1,116,3.5,8
774,1,75,4.0,8
775,1,179,4.0,8
776,1,20,2.5,7
777,0,37,3.0,7
778,1,27,2.5,8
779,1,12,3.0,7
780,1,20,3.0,9
781,1,33,3.5,9
341,0,109,3.5,9
782,1,97,3.0,9
380,0,4,4.0,9
341,0,83,3.0,9
783,1,180,4.0,2
784,1,54,4.0,2
785,1,9,4.0,2
786,1,62,4.0,1
501,0,97,3.0,6
165,0,20,3.5,6
787,1,9,2.0,6
501,0,18,2.5,6
788,1,181,5.0,1
789,1,27,4.0,1
790,1,75,3.5,1
791,1,182,3.0,1
792,1,62,3.5,0
165,0,12,2.0,6
477,0,25,2.5,4
793,1,25,4.0,4
50,0,6,3.0,1
50,0,6,2.5,1
794,1,53,3.5,1
795,1,20,2.0,4
796,1,183,3.5,0
797,1,120,4.0,4
798,1,71,3.0,3
371,0,51,3.5,9
799,1,142,4.5,0
800,1,6,3.5,3
801,1,85,2.5,4
802,1,108,2.5,6
803,1,38,3.0,0
804,1,6,3.0,2
805,1,119,3.5,0
41,0,3,5.0,4
165,0,27,3.5,6
0,0,97,3.5,0
806,1,71,4.0,6
807,1,3,3.5,7
808,1,27,4.0,6
809,1,25,3.0,6
810,1,171,3.5,6
56,0,90,3.0,1
56,0,18,4.0,1
811,1,5,5.0,7
812,1,136,3.0,7
341,0,7,2.5,9
813,1,9,3.0,4
8,0,10,4.0,4
814,1,68,4.0,7
815,1,71,4.0,6
187,0,93,3.5,7
816,1,6,3.5,0
817,1,55,3.0,1
818,1,27,4.0,1
819,1,48,3.0,2
820,1,168,3.0,7
821,1,108,3.0,2
822,1,184,3.0,2
823,1,20,2.0,2
824,1,185,4.5,6
825,1,186,4.5,6
826,1,134,3.5,3
827,1,187,2.5,4
828,1,15,3.5,4
829,1,100,4.0,4
830,1,109,3.5,4
831,1,186,4.0,3
832,1,186,4.5,3
134,0,65,3.5,7
833,1,186,4.5,9
834,1,86,3.0,4
835,1,37,4.0,2
836,1,165,4.0,2
153,0,37,4.0,6
103,0,143,3.5,3
26,0,104,2.5,0
56,0,57,4.0,1
497,0,4,3.0,2
837,1,22,1.5,2
56,0,162,3.5,1
56,0,9,2.5,1
56,0,48,3.5,1
708,0,56,4.0,6
838,1,188,4.0,2
839,1,22,4.0,0
840,1,171,4.5,7
841,1,59,3.0,7
842,1,6,4.0,7
843,1,53,4.0,2
844,1,2,3.0,6
845,1,9,4.0,2
846,1,100,4.0,2
847,1,123,4.0,1
848,1,131,4.5,6
849,1,22,4.5,4
850,1,108,5.0,7
851,1,25,3.5,7
852,1,16,3.0,9
853,1,45,4.5,8
854,1,45,4.5,8
855,1,13,3.5,8
856,1,72,3.5,8
857,1,86,4.0,9
341,0,2,2.0,9
858,1,6,4.0,2
859,1,17,3.0,2
860,1,86,2.5,9
861,1,98,2.5,3
152,0,15,3.0,9
152,0,6,3.0,9
862,1,9,1.0,2
863,1,6,3.5,2
864,1,27,2.5,2
865,1,53,4.0,3
353,0,10,5.0,3
866,1,109,4.0,3
29,0,9,3.5,2
867,1,189,4.5,2
868,1,64,4.5,2
869,1,44,4.0,2
870,1,149,3.0,2
871,1,190,4.5,2
872,1,22,4.5,0
41,0,27,4.0,4
873,1,22,4.0,6
874,1,25,4.0,7
875,1,4,3.5,7
179,0,6,3.5,4
179,0,152,4.5,4
876,1,27,2.5,2
877,1,86,3.0,1
878,1,2,1.5,1
879,1,24,4.0,1
880,1,14,3.0,1
179,0,32,2.0,4
179,0,9,4.0,4
881,1,49,3.0,4
882,1,103,3.5,4
883,1,70,4.0,4
884,1,110,3.0,5
885,1,191,2.5,5
886,1,90,4.0,2
0,0,9,3.0,0
267,0,192,3.5,7
267,0,182,4.0,7
412,0,37,2.0,7
8,0,9,3.5,4
887,1,20,2.0,6
888,1,193,5.0,1
270,0,97,3.0,5
889,1,14,3.5,0
295,0,190,4.5,0
270,0,11,1.5,5
270,0,83,2.0,5
890,1,49,5.0,3
37,0,65,4.0,4
891,1,16,3.5,0
37,0,14,3.5,0
892,1,50,1.5,0
893,1,25,4.0,0
894,1,129,3.5,5
895,1,105,4.5,3
896,1,44,4.0,6
708,0,3,3.0,6
897,1,2,1.0,2
270,0,9,3.0,5
898,1,20,2.0,5
899,1,17,2.5,5
181,0,15,2.0,5
900,1,6,4.5,5
901,1,2,1.5,5
902,1,20,3.0,5
903,1,22,4.5,3
904,1,165,4.0,5
905,1,55,4.0,2
906,1,180,4.0,2
907,1,25,4.0,5
908,1,20,2.0,9
909,1,25,4.0,9
412,0,72,1.0,7
910,1,105,3.0,7
25,0,68,5.0,0
911,1,25,3.5,5
912,1,17,3.0,2
501,0,83,3.5,6
913,1,2,3.0,2
914,1,194,4.5,4
25,0,24,5.0,0
915,1,33,5.0,4
916,1,36,4.0,4
917,1,182,5.0,2
918,1,25,3.0,5
647,0,114,2.0,5
919,1,14,3.5,4
920,1,22,3.5,1
921,1,165,3.5,1
922,1,132,4.5,9
923,1,132,3.0,9
924,1,22,3.0,2
925,1,55,4.0,5
926,1,15,3.5,6
927,1,27,3.5,0
8,0,45,3.0,4
928,1,22,3.0,0
929,1,42,2.5,0
930,1,44,4.0,4
931,1,31,4.5,0
932,1,31,3.0,0
191,0,44,4.0,9
933,1,108,2.5,8
29,0,45,3.0,2
934,1,55,4.0,2
935,1,66,4.5,0
936,1,66,5.0,0
937,1,54,2.5,4
938,1,195,4.0,3
939,1,146,4.0,0
29,0,107,4.0,2
7,0,81,4.0,3
940,1,20,1.5,3
187,0,12,4.5,7
941,1,159,4.5,8
942,1,2,2.5,7
943,1,14,3.5,7
944,1,12,3.0,9
777,0,4,2.0,7
945,1,108,4.5,7
946,1,114,4.5,0
947,1,24,4.0,0
948,1,114,4.0,0
949,1,169,5.0,0
950,1,31,3.5,2
951,1,85,4.0,1
180,0,6,3.5,8
952,1,44,4.0,8
953,1,2,5.0,8
954,1,20,2.5,5
955,1,16,3.0,3
956,1,6,3.0,9
957,1,6,3.5,3
958,1,196,2.5,8
7,0,124,3.5,3
959,1,42,3.0,3
960,1,44,3.0,3
961,1,44,3.5,5
962,1,20,1.5,5
963,1,14,2.5,3
165,0,92,3.5,6
165,0,190,5.0,6
165,0,25,2.0,6
964,1,42,4.0,3
0,0,81,3.0,0
103,0,14,2.5,3
965,1,32,4.0,3
966,1,72,2.5,3
967,1,25,2.5,3
182,0,97,3.0,3
182,0,14,4.0,3
341,0,72,2.0,9
968,1,104,2.5,3
969,1,9,2.0,3
970,1,139,3.5,4
971,1,38,3.5,7
972,1,105,3.5,8
521,0,33,4.5,8
973,1,55,3.0,1
974,1,96,4.0,6
56,0,197,3.0,1
975,1,9,3.0,2
56,0,143,3.5,1
976,1,91,3.5,6
497,0,9,2.5,2
977,1,54,3.0,0
978,1,191,4.0,4
979,1,6,3.5,9
980,1,22,3.5,7
981,1,97,3.5,3
982,1,124,4.5,3
983,1,98,2.0,3
984,1,25,3.5,3
341,0,72,2.5,9
985,1,6,2.5,9
986,1,16,2.5,3
987,1,86,3.5,9
988,1,15,4.0,3
989,1,57,3.5,3
341,0,55,3.5,9
990,1,72,4.0,7
245,0,57,3.0,8
991,1,105,2.5,9
992,1,20,1.5,9
273,0,105,4.0,3
993,1,42,2.0,9
994,1,20,2.0,9
995,1,16,2.0,9
50,0,9,1.5,1
56,0,131,4.0,1
182,0,73,3.5,3
996,1,33,5.0,4
997,1,70,4.5,4
998,1,58,4.0,4
999,1,56,4.0,4
1000,1,9,4.0,4
1001,1,9,3.5,0
1002,1,37,4.5,0
41,0,11,5.0,4
41,0,96,4.5,4
1003,1,9,4.0,2
1004,1,25,3.0,1
1005,1,14,4.0,1
1006,1,96,3.0,6
1007,1,42,4.0,2
1008,1,14,3.0,2
1009,1,91,3.5,2
1010,1,196,5.0,0
1011,1,6,3.0,6
1012,1,20,3.0,2
1013,1,91,3.5,0
1014,1,31,4.5,7
1015,1,31,2.0,2
1016,1,93,4.0,6
1017,1,12,3.5,8
1018,1,12,3.5,8
187,0,108,5.0,7
1019,1,198,3.5,7
1020,1,9,3.0,7
182,0,2,2.5,3
1021,1,25,2.0,9
1022,1,17,3.0,1
103,0,38,3.5,3
412,0,57,4.0,7
1023,1,199,2.0,3
7,0,72,3.0,3
1024,1,25,4.0,2
50,0,83,3.0,1
497,0,83,3.0,2
50,0,24,2.0,1
33,0,70,3.5,2
1025,1,20,1.0,2
1026,1,15,3.0,1
50,0,127,2.0,1
29,0,49,4.0,2
103,0,4,2.0,3
50,0,5,3.5,1
1027,1,65,4.5,2
497,0,4,2.5,2
0,0,11,5.0,0
29,0,6,3.0,2
108,0,15,2.0,1
1028,1,70,3.5,6
1029,1,71,3.5,6
1030,1,54,2.0,0
1031,1,125,5.0,2
1032,1,45,3.5,5
1033,1,22,3.0,2
1034,1,200,4.0,8
1035,1,6,4.0,0
1036,1,42,2.0,6
1037,1,109,4.0,1
501,0,105,3.0,6
1038,1,63,4.0,0
1039,1,20,2.0,6
1040,1,52,4.5,2
497,0,24,4.5,2
50,0,11,4.0,1
50,0,5,3.0,1
1041,1,25,2.0,2
1042,1,181,3.5,2
1043,1,72,3.5,2
1044,1,25,5.0,8
1045,1,25,5.0,8
1046,1,42,3.5,5
1047,1,54,3.0,1
1048,1,22,4.5,2
1049,1,44,4.0,2
50,0,15,2.0,1
1050,1,20,3.0,3
1051,1,90,3.5,3
756,0,37,4.0,6
187,0,72,2.5,7
1052,1,49,4.5,6
1053,1,2,3.0,6
1054,1,2,2.0,6
1055,1,9,3.5,1
1056,1,9,3.5,6
1057,1,54,3.5,2
1058,1,85,1.5,7
1059,1,86,2.5,7
1060,1,9,2.5,1
1061,1,12,3.0,9
1062,1,86,2.5,0
501,0,127,3.0,6
1063,1,6,3.5,7
29,0,14,2.0,2
1064,1,129,3.5,0
50,0,145,3.0,1
1065,1,22,3.0,2
1066,0,22,1.5,2
1067,0,12,3.5,2
1068,0,20,2.0,2
1069,0,12,4.0,2
1070,1,33,4.5,0
0,0,201,3.5,0
1071,1,159,4.5,0
1072,1,159,5.0,0
1073,1,202,4.0,4
1074,1,102,3.0,0
1075,1,93,4.5,4
1076,1,94,4.0,7
76,0,2,2.5,4
477,0,105,4.5,4
1077,1,97,5.0,1
1078,1,12,3.0,6
1079,1,25,4.5,6
1080,1,114,3.0,2
1081,1,94,3.5,7
1082,1,30,4.0,7
1083,1,73,3.0,7
1084,1,90,2.0,7
347,0,96,3.5,7
1085,1,91,3.5,1
1086,1,7,4.0,1
1087,1,102,2.0,5
1088,1,25,2.5,4
1089,1,25,3.5,4
1090,1,203,3.5,1
56,0,143,2.5,1
1091,1,16,2.5,7
1092,1,57,3.5,7
1093,1,22,3.5,7
1094,1,12,3.0,7
1095,1,150,4.0,7
1096,1,33,4.5,7
1097,1,20,2.5,7
1098,1,126,4.5,7
1099,1,15,4.0,7
188,0,25,2.5,7
1100,1,204,4.5,1
50,0,57,5.0,1
1101,1,75,4.0,1
1102,1,20,2.0,1
1103,1,94,3.0,1
1104,1,75,3.0,1
1105,1,27,3.5,1
1106,1,14,3.0,1
1107,1,54,3.0,1
1108,1,152,3.5,1
1109,1,54,3.5,1
1110,1,39,4.0,1
1111,1,182,4.5,1
1112,1,38,1.5,1
108,0,33,3.0,1
1113,1,196,5.0,1
1114,1,22,2.0,1
497,0,119,4.0,2
50,0,127,4.5,1
50,0,192,2.5,1
50,0,145,2.5,1
50,0,57,3.0,1
1115,1,14,4.5,1
41,0,70,3.5,4
1116,1,168,4.0,0
1117,1,33,4.5,4
1118,1,34,5.0,2
1119,1,114,4.5,0
1120,1,65,4.0,0
1121,1,193,4.5,2
1122,1,45,3.5,2
1123,1,93,4.0,0
1124,1,59,3.0,7
1125,1,205,4.0,9
1126,1,44,4.5,6
1127,1,63,3.5,6
41,0,37,4.5,4
1128,1,56,4.0,6
1129,1,108,3.0,0
103,0,20,2.5,3
1130,1,20,2.0,3
1131,1,20,2.0,3
1132,1,85,4.5,3
1133,1,6,2.0,0
103,0,22,4.0,3
76,0,56,4.0,4
33,0,69,4.0,2
153,0,69,4.0,6
1134,1,9,4.0,4
1135,1,55,4.5,7
1136,1,24,5.0,7
188,0,6,4.0,7
267,0,124,4.0,7
187,0,5,3.5,7
1137,1,44,4.0,7
1138,1,23,4.5,6
1139,1,6,4.0,0
1140,1,100,4.5,2
1141,1,25,4.0,0
1142,1,97,3.5,0
1143,1,54,3.0,6
1144,1,86,2.5,6
1145,1,206,2.0,7
1146,1,54,2.5,1
1147,1,15,3.5,8
1148,1,6,4.0,5
41,0,26,4.0,4
341,0,33,2.0,9
1149,1,207,3.5,3
1150,1,49,4.0,7
1151,1,52,3.5,2
1152,1,14,4.0,1
1153,1,44,3.5,7
1154,1,58,4.5,4
341,0,55,4.0,9
371,0,44,3.5,9
777,0,109,3.5,7
1155,1,44,3.5,7
7,0,49,3.0,3
7,0,90,4.5,3
295,0,25,1.5,0
1156,1,20,2.0,2
1157,1,20,2.0,2
1158,1,33,4.5,8
1159,1,16,2.5,8
521,0,22,4.0,8
1160,1,11,4.0,2
1161,1,11,3.5,2
1162,1,6,3.0,1
1163,1,37,4.0,1
1164,1,16,4.5,1
636,0,152,4.5,7
1165,1,50,3.0,3
1166,1,22,3.5,4
1167,1,22,4.0,3
1168,1,22,4.0,4
1169,1,200,3.5,2
1170,1,15,3.5,7
1171,1,2,3.5,9
1172,1,129,3.0,2
1069,0,196,3.5,2
1069,0,16,2.5,2
1069,0,2,3.0,2
1173,1,6,4.0,5
1174,1,208,4.5,8
1175,1,29,3.5,2
1176,1,6,4.5,0
1177,1,14,4.0,0
1178,1,196,4.5,0
341,0,90,2.0,9
1179,1,22,3.5,0
25,0,14,4.0,0
165,0,2,2.0,6
501,0,33,4.5,6
1180,1,25,3.5,3
1181,1,54,4.0,7
8,0,104,3.0,4
1182,1,198,4.5,4
1183,1,196,5.0,0
0,0,2,2.0,0
1184,1,166,5.0,5
1185,1,2,3.0,0
1186,1,142,4.5,2
1187,1,20,2.0,2
56,0,6,3.5,1
501,0,159,3.5,6
1188,1,57,3.0,7
0,0,31,3.0,0
0,0,209,2.5,0
1189,1,127,4.5,7
1190,1,86,3.5,7
412,0,57,2.5,7
412,0,22,3.0,7
1191,1,96,3.5,7
412,0,5,3.0,7
1192,1,31,3.5,0
1193,1,198,4.5,4
1194,1,15,3.0,7
1195,1,84,4.5,7
1196,1,70,4.0,3
1197,1,20,1.5,5
1198,1,20,1.5,5
1199,1,37,2.5,6
1200,1,6,4.0,4
477,0,27,4.0,6
1201,1,15,2.5,2
1202,1,20,2.5,2
1203,1,20,3.0,2
165,0,22,2.5,6
1204,1,38,4.0,7
1205,1,2,3.0,8
689,0,15,3.5,8
1206,1,22,4.0,8
180,0,2,1.5,8
7,0,59,2.5,3
1207,1,38,3.5,3
182,0,3,3.5,3
1208,1,129,5.0,8
1209,1,108,4.0,3
182,0,146,3.0,3
256,0,9,3.5,3
1210,1,6,3.5,9
216,0,6,3.0,8
0,0,196,3.5,0
680,0,70,3.5,8
1211,1,9,3.0,3
1212,1,123,2.0,1
56,0,210,4.0,1
56,0,171,5.0,1
56,0,55,3.0,1
1213,1,211,4.0,3
1214,1,211,4.0,3
1215,1,200,4.0,0
1216,1,50,3.0,7
1217,1,7,3.5,6
1218,1,37,4.0,6
76,0,33,3.5,4
104,0,16,2.0,6
1219,1,212,3.5,6
1220,1,25,3.0,6
1221,1,14,4.0,6
477,0,9,4.5,4
1222,1,159,1.5,5
1223,1,159,2.5,0
1224,1,85,3.0,6
1225,1,6,3.5,6
1226,1,108,3.0,2
50,0,79,3.5,1
148,0,9,4.5,4
1227,1,184,2.5,2
1228,1,47,2.5,5
1229,1,45,4.5,3
1230,1,45,4.5,3
1231,1,71,4.5,6
1232,1,108,4.5,4
50,0,57,3.5,1
501,0,6,3.0,6
1233,1,56,4.5,2
477,0,132,3.0,4
1234,1,6,4.0,2
1235,1,108,1.0,5
0,0,16,2.5,0
1236,1,213,4.5,0
50,0,97,3.5,1
56,0,54,3.5,1
41,0,54,3.5,4
41,0,141,4.0,4
1237,1,53,3.5,6
187,0,35,3.5,7
1238,1,180,3.5,2
1239,1,37,4.0,2
180,0,19,3.5,8
1240,1,38,5.0,3
1241,1,89,4.0,3
1242,1,89,4.0,3
1243,1,6,4.5,3
1244,1,20,2.0,1
647,0,114,4.5,5
353,0,59,5.0,3
1245,1,160,4.0,0
1246,1,10,4.5,0
1247,1,25,2.0,0
1248,1,214,3.5,0
1249,1,159,3.5,2
26,0,59,3.0,0
1250,1,214,2.0,0
1251,1,12,3.0,6
1252,1,31,4.0,0
1253,1,97,4.0,2
1254,1,14,4.0,2
1255,1,20,2.5,2
680,0,7,4.0,8
1256,1,27,3.5,3
1257,1,37,4.0,4
1258,1,94,4.0,4
182,0,33,2.5,3
1259,1,16,2.5,9
191,0,108,3.0,9
1260,1,38,4.0,0
1261,1,102,1.0,9
369,0,22,3.5,9
1262,1,20,3.0,9
1263,1,108,3.0,3
1264,1,108,3.5,3
216,0,70,3.5,8
1265,1,55,4.0,0
380,0,37,4.0,9
56,0,93,4.5,1
1266,1,15,2.5,1
1068,0,37,2.5,2
1267,1,146,3.0,1
1268,1,75,5.0,2
1269,1,74,1.5,2
1270,1,76,4.0,2
697,0,6,4.0,0
56,0,54,3.0,1
1271,1,6,3.5,4
341,0,19,3.0,9
1272,1,134,4.0,1
1273,1,50,2.5,2
1274,1,6,4.0,2
1275,1,68,4.0,0
1276,1,96,4.0,1
1277,1,95,3.0,7
1278,1,159,3.0,2
1279,1,159,3.0,2
165,0,6,2.5,6
1280,1,14,2.5,4
1281,1,215,2.0,5
1282,1,9,3.0,3
1283,1,24,2.5,8
1284,1,6,3.0,5
1285,1,20,2.0,5
1286,1,132,2.5,3
1287,1,20,4.0,8
1288,1,17,3.5,3
216,0,65,2.5,8
1289,1,20,1.5,5
347,0,103,3.0,7
647,0,37,4.5,5
1290,1,4,3.0,0
1291,1,94,3.5,9
1292,1,201,4.0,7
1293,1,20,1.5,7
267,0,33,2.5,7
1068,0,12,3.0,2
56,0,98,2.5,1
1069,0,65,4.0,2
497,0,72,3.0,2
1294,1,81,3.5,2
1295,1,73,4.0,1
134,0,33,4.0,7
50,0,11,3.0,1
1296,1,29,4.0,9
1297,1,6,3.5,9
1298,1,129,3.5,9
341,0,57,4.0,9
1299,1,177,4.0,3
1300,1,6,3.5,1
1301,1,54,3.0,6
1302,1,14,4.0,1
33,0,14,4.0,2
1303,1,39,3.0,7
179,0,9,1.5,4
1304,1,44,4.0,4
1305,1,105,3.0,7
1306,1,146,3.5,4
1307,1,89,3.5,7
1308,1,131,4.5,1
1309,1,20,2.5,5
1310,1,81,5.0,5
216,0,119,2.5,8
1311,1,216,4.5,2
1312,1,142,4.5,0
1313,1,33,3.5,6
708,0,192,4.5,6
1314,1,9,4.0,3
1315,1,15,2.5,5
1316,1,165,3.5,5
1317,1,141,4.0,2
267,0,33,4.5,7
191,0,85,3.0,9
347,0,20,4.0,7
1318,1,217,4.0,2
1319,1,130,4.0,1
1320,1,33,3.0,2
1321,1,69,4.0,6
380,0,6,3.0,9
1322,1,53,4.0,9
1323,1,37,4.5,9
1324,1,97,4.5,0
8,0,24,3.5,4
1325,1,34,3.5,2
1326,1,96,3.5,1
1327,1,30,3.5,1
347,0,58,4.0,7
347,0,44,4.0,7
1328,1,9,3.0,7
1329,1,142,4.0,0
1330,1,25,3.5,6
76,0,192,4.5,4
110,0,143,4.5,8
1331,1,22,2.0,6
1332,1,144,3.5,6
1333,1,218,4.0,1
1334,1,60,4.5,2
1335,1,114,4.0,0
204,0,33,4.5,8
1336,1,23,4.0,0
33,0,11,4.0,2
8,0,145,3.0,4
1337,1,96,4.0,4
1338,1,96,3.0,0
1339,1,142,4.0,7
1340,1,38,5.0,6
1341,1,22,2.0,0
1342,1,38,3.5,2
1343,1,68,4.0,4
153,0,14,4.0,6
1344,1,20,2.0,4
1345,1,108,3.0,4
0,0,20,2.0,0
1346,1,55,2.5,5
181,0,94,2.0,5
1347,1,20,2.0,2
1348,1,12,4.5,2
1349,1,12,4.5,2
1350,1,20,2.5,9
341,0,22,3.5,9
379,0,22,3.5,8
267,0,45,3.5,7
1351,1,92,3.0,8
1352,1,20,3.0,8
1353,1,59,3.5,8
1354,1,20,2.0,2
1355,1,20,2.0,5
1356,1,57,4.0,9
33,0,37,4.0,2
647,0,219,4.0,5
152,0,20,3.5,9
1357,1,23,4.0,8
1358,1,20,2.0,9
110,0,134,2.5,8
1359,1,12,4.0,8
379,0,2,2.5,8
379,0,57,3.0,8
1360,1,54,2.5,0
1361,1,44,3.0,4
1362,1,100,2.5,1
1363,1,55,3.0,1
1364,1,54,3.0,1
1365,1,185,4.5,1
1366,1,54,3.0,1
1367,1,86,3.0,2
41,0,44,4.0,4
1368,1,32,2.5,2
1369,1,180,1.0,2
1370,1,6,3.5,4
1371,1,9,5.0,0
1372,1,110,3.5,4
1373,1,25,2.5,3
1374,1,2,1.5,2
1375,1,44,3.5,0
256,0,20,2.0,3
1376,1,56,4.0,2
1377,1,54,2.0,1
1378,1,56,4.0,1
267,0,104,2.0,7
1379,1,6,2.0,1
148,0,22,2.5,4
1380,1,162,4.5,3
353,0,22,2.5,3
689,0,97,2.5,8
1381,1,54,1.5,0
1382,1,190,5.0,2
1383,1,20,2.0,0
1384,1,25,4.0,4
1385,1,16,2.0,5
1386,1,108,3.5,2
187,0,73,4.5,7
1387,1,50,4.0,6
1388,1,6,4.0,3
1389,1,9,3.0,7
50,0,33,3.0,1
50,0,19,2.5,1
26,0,27,2.5,0
1390,1,15,3.5,0
182,0,90,3.5,3
1391,1,6,4.5,2
1392,1,6,4.0,0
1393,1,143,3.5,0
1394,1,151,5.0,4
1395,1,23,3.5,1
1396,1,9,3.5,1
1397,1,201,3.5,6
1398,1,59,5.0,6
1399,1,27,4.0,4
8,0,119,2.5,4
1400,1,54,1.5,6
1401,1,10,4.0,4
1402,1,44,2.5,1
1403,1,57,4.5,1
1404,1,54,3.5,1
1405,1,90,2.5,9
1406,1,25,3.0,7
1407,1,16,3.0,7
1408,1,20,2.0,2
1409,1,142,5.0,4
497,0,20,1.5,2
497,0,7,3.5,2
1410,1,109,3.0,2
1411,1,111,4.5,2
1412,1,182,4.5,6
1413,1,159,4.5,6
1414,1,43,4.0,1
8,0,24,4.0,4
37,0,105,3.0,4
1415,1,6,4.0,4
1416,1,23,4.0,2
1417,1,85,3.0,0
1418,1,25,3.5,4
697,0,9,4.0,0
50,0,37,2.5,1
1419,1,54,3.5,1
1420,1,57,5.0,6
379,0,6,3.0,8
680,0,6,4.5,8
1421,1,142,2.0,5
1422,1,9,3.0,5
1423,1,146,3.5,3
1424,1,201,3.0,3
1425,1,37,4.5,5
1426,1,200,4.5,5
148,0,106,4.0,4
1427,1,9,3.5,2
1428,1,62,4.0,0
1429,1,20,3.5,9
25,0,161,5.0,0
1430,1,143,4.0,3
1431,1,47,3.0,0
7,0,127,3.5,3
1432,1,91,4.0,3
379,0,90,3.0,8
1433,1,104,2.0,8
181,0,165,3.0,5
1434,1,19,2.5,0
1435,1,25,4.0,3
1436,1,38,2.5,3
148,0,14,3.5,4
148,0,19,3.0,4
1437,1,112,3.0,5
1438,1,27,3.0,8
1439,1,14,1.5,5
1440,1,22,4.0,0
1441,1,41,3.0,6
1442,1,2,1.5,0
1443,1,2,1.5,7
1444,1,25,3.0,1
1445,1,6,3.5,5
1446,1,2,2.0,8
1447,1,24,5.0,0
1448,1,6,4.0,7
273,0,73,4.5,3
1449,1,108,4.0,0
1450,1,89,3.5,5
636,0,14,3.0,7
1451,1,14,2.5,7
1452,1,42,1.0,1
1453,1,7,4.0,7
1454,1,45,4.0,3
1455,1,180,2.5,2
1456,1,20,3.5,0
1457,1,90,3.0,6
1458,1,9,3.5,6
1459,1,20,4.0,6
1460,1,15,4.0,0
1461,1,71,4.0,6
1462,1,131,4.0,2
1463,1,33,5.0,0
50,0,126,4.0,1
1464,1,32,3.0,6
1465,1,159,3.5,2
1466,1,12,3.0,2
1069,0,105,2.0,2
1467,1,20,3.0,2
1468,1,34,5.0,2
1469,1,142,4.0,2
1470,1,6,4.5,2
1471,1,14,4.0,1
680,0,12,3.0,8
1472,1,6,4.5,0
1473,1,33,5.0,4
1474,1,44,4.0,2
1475,1,12,5.0,2
501,0,165,3.5,6
1476,1,25,4.0,3
1477,1,25,5.0,3
1478,1,199,3.5,9
1479,1,37,4.0,1
1480,1,176,4.5,2
1481,1,37,4.5,2
1482,1,142,5.0,0
1483,1,190,4.5,2
1484,1,42,4.5,2
1485,1,136,3.5,2
521,0,45,4.0,8
521,0,149,3.5,8
1486,1,116,3.0,5
1487,1,220,3.0,5
1488,1,221,3.0,5
1489,1,45,4.0,8
1490,1,168,4.5,4
1491,1,29,4.0,0
1492,1,174,4.0,4
148,0,10,4.5,4
1493,1,38,5.0,4
1494,1,174,4.5,6
1495,1,57,4.0,6
1496,1,12,3.0,8
1497,1,2,2.0,9
521,0,15,3.5,8
521,0,10,4.5,8
1498,1,25,2.5,9
1499,1,6,2.5,5
1500,1,57,4.0,7
1501,1,37,2.0,2
1502,1,6,3.0,6
1503,1,54,2.5,6
636,0,38,3.5,7
636,0,38,4.0,7
188,0,9,3.0,7
1504,1,7,3.5,2
647,0,6,2.5,5
1505,1,14,3.0,2
1506,1,59,4.0,1
1507,1,17,3.5,6
1508,1,53,3.0,6
1509,1,24,5.0,0
1510,1,44,4.0,9
1511,1,89,3.0,9
1512,1,108,2.5,5
1513,1,12,4.0,0
