,Item_id,POI_Type,L2_Category_name,stars,clusters
0,0,0,198,1.0,0
1,1,1,206,1.0,0
2,2,0,11,1.0,0
4,3,0,42,1.0,0
5,4,1,154,1.0,0
6,5,1,168,1.0,0
7,6,1,4,1.0,0
8,7,0,26,1.0,0
9,8,0,26,1.0,0
10,9,0,86,1.0,0
11,10,0,100,1.0,0
12,11,0,201,1.0,0
13,12,1,210,1.0,0
14,13,0,172,1.0,0
15,14,1,47,1.0,0
16,15,0,181,1.0,0
18,16,0,109,1.0,0
19,17,0,109,1.0,0
20,18,0,230,1.0,0
22,19,0,136,1.0,0
23,20,0,244,1.0,0
24,21,0,175,1.0,0
25,22,0,200,1.0,0
26,23,0,237,1.0,0
27,24,0,231,1.0,0
28,25,0,107,1.0,0
29,26,0,207,1.0,0
30,4,1,93,1.0,0
31,27,1,33,1.0,0
32,28,0,243,1.0,0
33,29,1,134,1.0,0
34,12,1,68,1.0,0
35,30,1,98,1.0,0
36,31,1,100,1.0,0
37,32,1,144,1.0,0
38,33,1,163,1.0,0
39,34,0,39,1.0,0
40,35,0,243,1.0,0
42,36,0,183,1.0,0
43,37,0,71,1.0,0
44,38,0,252,1.0,0
45,39,0,238,1.0,0
47,40,1,138,1.0,0
49,40,1,114,1.0,0
50,41,0,28,1.0,0
51,42,0,22,1.0,0
52,43,0,208,1.0,0
57,44,1,87,1.0,0
58,45,0,80,1.0,0
59,46,0,123,1.0,0
61,47,0,168,1.0,0
63,48,0,53,1.0,0
65,49,0,49,1.0,0
66,50,0,172,1.0,0
67,51,1,100,1.0,0
68,52,0,198,1.0,0
69,53,0,198,1.0,0
70,54,1,47,1.0,0
72,54,1,5,1.0,0
73,55,0,138,1.0,0
74,56,1,55,1.0,0
77,57,1,55,1.0,0
78,58,0,144,1.0,0
79,59,0,93,1.0,0
80,60,1,55,1.0,0
81,61,0,55,1.0,0
82,62,0,100,1.0,0
84,63,0,42,1.0,0
85,64,0,181,1.0,0
88,65,0,100,1.0,0
89,66,0,131,1.0,0
90,67,1,189,1.0,0
91,68,0,179,1.0,0
92,69,1,100,1.0,0
93,70,1,100,1.0,0
94,60,1,138,1.0,0
95,70,1,232,1.0,0
96,71,0,237,1.0,0
97,72,1,134,1.0,0
99,69,1,211,1.0,0
102,27,1,196,1.0,0
106,73,0,100,1.0,0
107,74,0,162,1.0,0
109,14,1,71,1.0,0
110,40,1,98,1.0,0
111,75,0,100,1.0,0
112,51,1,78,1.0,0
113,76,1,107,1.0,0
114,77,1,55,1.0,0
115,78,0,78,1.0,0
117,5,1,138,1.0,0
118,32,1,78,1.0,0
119,32,1,100,1.0,0
120,79,0,78,1.0,0
124,80,0,87,1.0,0
125,81,0,39,1.0,0
126,82,0,183,1.0,0
128,83,0,100,1.0,0
133,84,0,78,1.0,0
134,85,1,93,1.0,0
138,86,0,93,1.0,0
142,87,1,42,1.0,0
145,88,1,93,1.0,0
146,88,1,4,1.0,0
147,89,1,100,1.0,0
148,90,0,21,1.0,0
149,91,0,114,1.0,0
150,51,1,53,1.0,0
152,30,1,93,1.0,0
153,1,1,252,1.0,0
154,1,1,40,1.0,0
155,92,0,53,1.0,0
156,60,1,49,1.0,0
158,32,1,241,1.0,0
159,33,1,49,1.0,0
160,93,0,0,1.0,0
161,94,0,150,1.0,0
162,95,1,42,1.0,0
164,96,0,3,1.0,0
165,97,0,50,1.0,0
166,98,0,237,1.0,0
169,70,1,53,1.0,0
170,99,0,51,1.0,0
172,100,0,100,1.0,0
173,51,1,223,1.0,0
174,101,0,189,1.0,0
178,60,1,100,1.0,0
184,102,0,100,1.0,0
185,60,1,196,1.0,0
187,60,1,33,1.0,0
190,103,0,181,1.0,0
193,104,0,147,1.0,0
195,31,1,172,1.0,0
196,105,0,239,1.0,0
198,106,0,55,1.0,0
201,95,1,242,1.0,0
203,95,1,100,1.0,0
204,107,0,5,1.0,0
205,95,1,133,1.0,0
206,95,1,118,1.0,0
207,108,0,243,1.0,0
208,109,0,147,1.0,0
212,110,1,129,1.0,0
220,111,0,200,1.0,0
221,70,1,22,1.0,0
222,112,0,163,1.0,0
223,67,1,202,1.0,0
224,60,1,237,1.0,0
225,113,0,203,1.0,0
227,114,1,193,1.0,0
228,114,1,100,1.0,0
230,114,1,93,1.0,0
232,33,1,246,1.0,0
233,115,1,146,1.0,0
234,116,1,231,1.0,0
235,117,0,227,1.0,0
236,87,1,175,1.0,0
237,118,0,88,1.0,0
238,60,1,53,1.0,0
239,119,0,50,1.0,0
240,51,1,118,1.0,0
243,120,0,4,1.0,0
244,121,0,87,1.0,0
245,122,1,184,1.0,0
246,123,0,55,1.0,0
247,124,0,80,1.0,0
251,125,1,159,1.0,0
252,89,1,55,1.0,0
254,70,1,197,1.0,0
256,32,1,46,1.0,0
257,72,1,72,1.0,0
259,126,0,93,1.0,0
260,127,1,93,1.0,0
261,127,1,80,1.0,0
264,128,0,56,1.0,0
266,129,0,144,1.0,0
268,130,0,181,1.0,0
269,131,1,227,1.0,0
274,67,1,22,1.0,0
278,116,1,100,1.0,0
279,116,1,55,1.0,0
281,132,1,53,1.0,0
282,133,0,55,1.0,0
283,134,1,172,1.0,0
284,134,1,200,1.0,0
285,135,1,118,1.0,0
286,136,0,237,1.0,0
288,6,1,104,1.0,0
291,137,0,179,1.0,0
292,138,0,80,1.0,0
294,67,1,175,1.0,0
296,139,0,175,1.0,0
298,140,0,195,1.0,0
300,69,1,78,1.0,0
303,70,1,215,1.0,0
307,141,0,198,1.0,0
311,142,0,104,1.0,0
312,143,0,179,1.0,0
313,144,0,175,1.0,0
314,145,0,100,1.0,0
315,146,0,100,1.0,0
317,147,0,81,1.0,0
318,148,1,100,1.0,0
319,149,0,49,1.0,0
321,150,0,93,1.0,0
323,151,0,100,1.0,0
324,152,1,100,1.0,0
325,135,1,93,1.0,0
326,153,0,49,1.0,0
327,154,0,217,1.0,0
328,155,1,227,1.0,0
329,156,0,42,1.0,0
331,157,0,187,1.0,0
332,76,1,207,1.0,0
334,70,1,55,1.0,0
335,158,0,42,1.0,0
336,159,1,42,1.0,0
337,70,1,81,1.0,0
338,160,0,36,1.0,0
342,161,0,198,1.0,0
343,162,0,162,1.0,0
344,163,0,163,1.0,0
345,164,0,50,1.0,0
347,116,1,173,1.0,0
348,165,1,219,1.0,0
350,6,1,13,1.0,0
351,166,0,208,1.0,0
352,167,0,104,1.0,0
355,168,0,100,1.0,0
356,51,1,46,1.0,0
357,51,1,159,1.0,0
358,169,0,100,1.0,0
359,170,1,168,1.0,0
363,51,1,168,1.0,0
365,171,0,210,1.0,0
367,172,0,116,1.0,0
368,5,1,78,1.0,0
369,173,0,130,1.0,0
373,165,1,241,1.0,0
374,165,1,55,1.0,0
376,165,1,40,1.0,0
379,174,0,26,1.0,0
380,175,0,186,1.0,0
383,176,0,40,1.0,0
384,177,0,76,1.0,0
385,132,1,196,1.0,0
389,88,1,187,1.0,0
390,178,0,4,1.0,0
392,179,1,137,1.0,0
393,180,0,93,1.0,0
394,179,1,231,1.0,0
395,44,1,50,1.0,0
398,181,0,131,1.0,0
399,182,1,130,1.0,0
401,183,0,55,1.0,0
403,184,0,7,1.0,0
405,185,0,122,1.0,0
406,186,0,186,1.0,0
407,187,0,49,1.0,0
409,188,0,118,1.0,0
410,189,0,100,1.0,0
411,190,1,118,1.0,0
412,190,1,104,1.0,0
413,191,1,78,1.0,0
414,192,1,93,1.0,0
415,193,0,187,1.0,0
416,170,1,78,1.0,0
419,192,1,32,1.0,0
420,122,1,146,1.0,0
421,194,0,172,1.0,0
422,195,0,200,1.0,0
423,196,0,109,1.0,0
425,89,1,32,1.0,0
426,122,1,104,1.0,0
427,197,0,172,1.0,0
430,198,0,100,1.0,0
432,88,1,237,1.0,0
434,199,0,124,1.0,0
436,87,1,87,1.0,0
437,152,1,118,1.0,0
438,135,1,5,1.0,0
439,135,1,32,1.0,0
441,200,0,100,1.0,0
442,201,0,151,1.0,0
443,202,0,100,1.0,0
445,203,0,55,1.0,0
448,204,1,237,1.0,0
449,204,1,206,1.0,0
450,205,0,93,1.0,0
453,206,0,150,1.0,0
454,44,1,71,1.0,0
455,207,0,39,1.0,0
456,208,0,49,1.0,0
458,132,1,168,1.0,0
459,209,0,142,1.0,0
460,210,0,114,1.0,0
463,211,0,200,1.0,0
468,212,0,55,1.0,0
469,127,1,100,1.0,0
471,127,1,146,1.0,0
472,213,0,61,1.0,0
475,214,0,109,1.0,0
479,95,1,49,1.0,0
481,215,0,93,1.0,0
487,33,1,36,1.0,0
490,51,1,49,1.0,0
491,51,1,257,1.0,0
492,88,1,55,1.0,0
494,29,1,196,1.0,0
496,216,0,34,1.0,0
497,217,0,55,1.0,0
499,122,1,93,1.0,0
500,218,0,181,1.0,0
502,219,0,93,1.0,0
503,220,0,191,1.0,0
504,221,0,100,1.0,0
508,87,1,55,1.0,0
509,222,0,179,1.0,0
513,51,1,5,1.0,0
515,12,1,195,1.0,0
518,159,1,49,1.0,0
519,40,1,237,1.0,0
526,223,0,231,1.0,0
531,224,0,0,1.0,0
540,225,0,172,1.0,0
541,226,1,40,1.0,0
542,227,0,172,1.0,0
544,87,1,100,1.0,0
546,228,0,122,1.0,0
548,89,1,118,1.0,0
549,229,0,104,1.0,0
553,54,1,42,1.0,0
554,230,0,227,1.0,0
556,231,0,115,1.0,0
558,95,1,40,1.0,0
560,85,1,55,1.0,0
565,232,0,55,1.0,0
567,233,1,53,1.0,0
568,60,1,149,1.0,0
570,60,1,0,1.0,0
573,234,0,7,1.0,0
574,33,1,42,1.0,0
575,32,1,20,1.0,0
577,87,1,107,1.0,0
578,179,1,168,1.0,0
579,235,0,42,1.0,0
580,236,1,80,1.0,0
581,182,1,42,1.0,0
582,237,0,42,1.0,0
583,238,0,55,1.0,0
584,239,0,200,1.0,0
585,240,0,55,1.0,0
586,241,0,142,1.0,0
590,242,0,7,1.0,0
592,243,0,93,1.0,0
595,244,0,151,1.0,0
597,245,0,183,1.0,0
600,60,1,256,1.0,0
601,246,0,147,1.0,0
609,125,1,100,1.0,0
610,125,1,162,1.0,0
612,6,1,3,1.0,0
615,87,1,200,1.0,0
620,247,0,71,1.0,0
621,248,0,71,1.0,0
623,249,0,210,1.0,0
625,250,0,93,1.0,0
626,251,0,81,1.0,0
629,252,0,89,1.0,0
630,253,0,42,1.0,0
632,54,1,46,1.0,0
633,254,0,5,1.0,0
636,255,0,31,1.0,0
637,256,0,186,1.0,0
638,257,0,109,1.0,0
639,31,1,28,1.0,0
640,258,0,32,1.0,0
642,60,1,5,1.0,0
643,259,0,17,1.0,0
644,260,0,188,1.0,0
645,110,1,54,1.0,0
648,261,0,55,1.0,0
649,262,0,36,1.0,0
650,263,1,55,1.0,0
654,70,1,257,1.0,0
656,131,1,168,1.0,0
657,89,1,206,1.0,0
660,264,0,239,1.0,0
661,265,0,78,1.0,0
664,266,0,210,1.0,0
666,267,0,55,1.0,0
667,268,0,210,1.0,0
671,14,1,237,1.0,0
674,132,1,237,1.0,0
676,33,1,210,1.0,0
677,269,1,55,1.0,0
678,270,0,93,1.0,0
679,89,1,93,1.0,0
680,89,1,40,1.0,0
681,271,0,172,1.0,0
682,89,1,237,1.0,0
684,272,0,50,1.0,0
687,70,1,5,1.0,0
688,273,0,58,1.0,0
693,274,0,210,1.0,0
696,275,0,42,1.0,0
697,276,0,200,1.0,0
698,277,0,191,1.0,0
699,165,1,13,1.0,0
700,165,1,237,1.0,0
701,278,0,191,1.0,0
702,279,0,104,1.0,0
703,280,1,100,1.0,0
704,281,0,191,1.0,0
706,282,0,89,1.0,0
713,283,0,183,1.0,0
715,284,0,114,1.0,0
717,30,1,104,1.0,0
723,69,1,49,1.0,0
727,70,1,33,1.0,0
732,116,1,40,1.0,0
734,285,0,200,1.0,0
735,286,0,226,1.0,0
738,85,1,231,1.0,0
741,287,0,93,1.0,0
742,288,0,40,1.0,0
744,289,0,100,1.0,0
745,1,1,168,1.0,0
746,1,1,137,1.0,0
747,122,1,78,1.0,0
748,122,1,100,1.0,0
749,290,1,200,1.0,0
750,290,1,93,1.0,0
751,291,0,138,1.0,0
752,292,0,138,1.0,0
753,290,1,19,1.0,0
756,293,0,138,1.0,0
758,294,0,55,1.0,0
766,295,0,4,1.0,0
767,116,1,78,1.0,0
770,4,1,55,1.0,0
773,296,0,100,1.0,0
774,131,1,55,1.0,0
776,297,0,159,1.0,0
777,298,0,93,1.0,0
778,299,0,100,1.0,0
780,300,0,241,1.0,0
782,301,1,42,1.0,0
783,302,0,55,1.0,0
784,125,1,168,1.0,0
785,125,1,55,1.0,0
786,303,0,80,1.0,0
787,304,0,100,1.0,0
788,14,1,208,1.0,0
790,4,1,130,1.0,0
791,305,0,231,1.0,0
792,306,1,118,1.0,0
793,307,1,227,1.0,0
798,308,0,34,1.0,0
799,309,0,206,1.0,0
800,310,0,100,1.0,0
801,76,1,227,1.0,0
804,311,0,42,1.0,0
805,5,1,42,1.0,0
806,312,0,42,1.0,0
807,313,0,206,1.0,0
808,155,1,237,1.0,0
809,155,1,144,1.0,0
810,314,0,118,1.0,0
814,315,0,241,1.0,0
815,56,1,175,1.0,0
816,316,0,100,1.0,0
817,317,0,13,1.0,0
819,318,0,58,1.0,0
820,319,1,202,1.0,0
821,320,0,5,1.0,0
822,321,0,259,1.0,0
824,322,0,181,1.0,0
825,323,0,181,1.0,0
826,324,0,181,1.0,0
828,325,0,100,1.0,0
834,326,0,124,1.0,0
836,327,0,104,1.0,0
842,328,0,100,1.0,0
843,329,0,93,1.0,0
846,330,0,118,1.0,0
850,132,1,42,1.0,0
851,331,0,93,1.0,0
852,159,1,125,1.0,0
854,332,0,100,1.0,0
860,333,0,196,1.0,0
863,95,1,187,1.0,0
865,33,1,227,1.0,0
867,70,1,138,1.0,0
870,32,1,138,1.0,0
871,56,1,196,1.0,0
875,334,0,169,1.0,0
878,335,0,200,1.0,0
883,336,0,198,1.0,0
886,337,0,119,1.0,0
890,338,1,78,1.0,0
894,32,1,118,1.0,0
899,338,1,19,1.0,0
902,339,0,32,1.0,0
907,340,1,42,1.0,0
908,341,0,146,1.0,0
909,342,0,226,1.0,0
910,343,0,119,1.0,0
914,344,0,93,1.0,0
915,345,0,122,1.0,0
918,346,0,17,1.0,0
920,347,0,22,1.0,0
922,348,0,243,1.0,0
926,349,0,42,1.0,0
941,32,1,89,1.0,0
945,350,0,80,1.0,0
947,32,1,49,1.0,0
949,351,1,78,1.0,0
950,352,0,103,1.0,0
958,33,1,55,1.0,0
964,353,0,100,1.0,0
966,6,1,2,1.0,0
969,354,0,206,1.0,0
970,355,0,89,1.0,0
974,12,1,183,1.0,0
977,356,0,114,1.0,0
982,357,0,55,1.0,0
985,358,0,175,1.0,0
986,351,1,175,1.0,0
987,359,0,175,1.0,0
989,131,1,77,1.0,0
990,360,0,119,1.0,0
993,56,1,138,1.0,0
995,51,1,246,1.0,0
996,361,0,49,1.0,0
999,362,0,118,1.0,0
1000,363,0,118,1.0,0
1004,364,0,49,1.0,0
1005,365,0,171,1.0,0
1007,366,1,19,1.0,0
1010,114,1,50,1.0,0
1011,367,0,42,1.0,0
1012,368,0,43,1.0,0
1013,122,1,5,1.0,0
1014,122,1,168,1.0,0
1015,369,0,65,1.0,0
1016,370,0,55,1.0,0
1017,122,1,206,1.0,0
1018,122,1,84,1.0,0
1021,122,1,32,1.0,0
1023,122,1,55,1.0,0
1024,122,1,137,1.0,0
1027,371,0,13,1.0,0
1028,372,0,100,1.0,0
1034,373,0,123,1.0,0
1036,31,1,80,1.0,0
1040,374,0,7,1.0,0
1041,375,0,42,1.0,0
1044,376,0,13,1.0,0
1048,70,1,115,1.0,0
1054,60,1,219,1.0,0
1059,377,0,147,1.0,0
1061,378,1,40,1.0,0
1063,127,1,104,1.0,0
1064,379,0,191,1.0,0
1066,70,1,196,1.0,0
1073,380,0,100,1.0,0
1075,381,0,50,1.0,0
1081,30,1,13,1.0,0
1082,382,0,181,1.0,0
1083,383,0,93,1.0,0
1084,384,0,208,1.0,0
1085,385,0,124,1.0,0
1086,386,0,162,1.0,0
1087,387,0,198,1.0,0
1088,388,0,114,1.0,0
1089,389,0,215,1.0,0
1098,5,1,33,1.0,0
1101,390,0,131,1.0,0
1104,391,0,152,1.0,0
1106,392,0,50,1.0,0
1107,393,0,100,1.0,0
1110,394,0,40,1.0,0
1114,395,0,26,1.0,0
1115,396,0,40,1.0,0
1124,397,0,131,1.0,0
1125,398,0,13,1.0,0
1130,32,1,32,1.0,0
1131,399,0,186,1.0,0
1133,400,0,210,1.0,0
1135,401,0,189,1.0,0
1136,402,0,187,1.0,0
1139,403,0,26,1.0,0
1140,404,0,122,1.0,0
1143,405,0,196,1.0,0
1144,67,1,150,1.0,0
1149,12,1,42,1.0,0
1151,406,0,137,1.0,0
1153,407,0,25,1.0,0
1155,408,0,26,1.0,0
1166,135,1,100,1.0,0
1169,159,1,137,1.0,0
1173,409,1,187,1.0,0
1175,410,0,175,1.0,0
1179,411,0,175,1.0,0
1180,51,1,138,1.0,0
1184,412,0,168,1.0,0
1189,127,1,138,1.0,0
1192,413,0,145,1.0,0
1197,414,0,237,1.0,0
1200,87,1,154,1.0,0
1201,415,0,50,1.0,0
1205,416,0,10,1.0,0
1215,60,1,40,1.0,0
1218,70,1,237,1.0,0
1224,417,0,35,1.0,0
1225,418,0,208,1.0,0
1227,419,0,11,1.0,0
1229,420,0,39,1.0,0
1233,421,0,208,1.0,0
1240,409,1,231,1.0,0
1242,70,1,210,1.0,0
1257,122,1,42,1.0,0
1259,122,1,49,1.0,0
1263,60,1,257,1.0,0
1272,422,0,211,1.0,0
1275,423,1,223,1.0,0
1276,424,0,10,1.0,0
1278,425,0,163,1.0,0
1279,426,0,100,1.0,0
1280,427,0,93,1.0,0
1281,165,1,235,1.0,0
1282,428,1,10,1.0,0
1284,429,0,49,1.0,0
1285,430,0,110,1.0,0
1292,116,1,237,1.0,0
1293,116,1,87,1.0,0
1295,116,1,93,1.0,0
1297,338,1,100,1.0,0
1298,72,1,100,1.0,0
1302,95,1,130,1.0,0
1307,431,0,14,1.0,0
1310,432,0,55,1.0,0
1311,433,0,55,1.0,0
1312,434,0,42,1.0,0
1313,435,0,118,1.0,0
1314,436,0,42,1.0,0
1316,437,0,159,1.0,0
1321,438,0,14,1.0,0
1324,439,0,49,1.0,0
1334,440,0,5,1.0,0
1335,441,0,114,1.0,0
1340,442,0,122,1.0,0
1355,30,1,40,1.0,0
1370,301,1,210,1.0,0
1371,443,0,89,1.0,0
1372,444,0,89,1.0,0
1373,445,0,93,1.0,0
1374,446,0,183,1.0,0
1375,192,1,168,1.0,0
1376,170,1,13,1.0,0
1379,69,1,87,1.0,0
1383,60,1,155,1.0,0
1384,60,1,87,1.0,0
1389,14,1,72,1.0,0
1390,447,0,33,1.0,0
1397,448,0,80,1.0,0
1399,340,1,93,1.0,0
1400,449,0,100,1.0,0
1403,307,1,114,1.0,0
1405,450,0,93,1.0,0
1407,451,0,100,1.0,0
1409,452,0,81,1.0,0
1410,40,1,108,1.0,0
1413,453,0,181,1.0,0
1414,454,0,55,1.0,0
1415,455,0,100,1.0,0
1416,1,1,34,1.0,0
1418,1,1,49,1.0,0
1421,301,1,104,1.0,0
1422,456,0,26,1.0,0
1425,1,1,198,1.0,0
1427,95,1,213,1.0,0
1429,457,0,65,1.0,0
1430,458,0,237,1.0,0
1432,459,0,100,1.0,0
1439,460,0,89,1.0,0
1440,461,0,138,1.0,0
1442,462,0,163,1.0,0
1443,463,0,96,1.0,0
1450,464,0,100,1.0,0
1453,51,1,147,1.0,0
1456,33,1,231,1.0,0
1459,179,1,12,1.0,0
1460,179,1,104,1.0,0
1464,14,1,42,1.0,0
1468,465,1,13,1.0,0
1470,466,0,114,1.0,0
1471,4,1,138,1.0,0
1472,467,0,74,1.0,0
1473,468,0,144,1.0,0
1479,70,1,42,1.0,0
1481,469,0,93,1.0,0
1483,470,0,71,1.0,0
1485,471,0,100,1.0,0
1489,472,0,49,1.0,0
1492,340,1,78,1.0,0
1494,473,0,104,1.0,0
1500,474,0,175,1.0,0
1504,475,0,13,1.0,0
1506,476,0,159,1.0,0
1517,477,0,13,1.0,0
1519,70,1,87,1.0,0
1520,60,1,104,1.0,0
1523,478,0,190,1.0,0
1525,479,0,131,1.0,0
1526,480,0,118,1.0,0
1528,481,0,82,1.0,0
1533,110,1,200,1.0,0
1539,482,0,100,1.0,0
1540,54,1,71,1.0,0
1541,54,1,81,1.0,0
1545,116,1,196,1.0,0
1546,116,1,5,1.0,0
1548,483,0,80,1.0,0
1559,484,0,107,1.0,0
1561,131,1,130,1.0,0
1567,33,1,138,1.0,0
1569,60,1,210,1.0,0
1572,192,1,137,1.0,0
1574,122,1,237,1.0,0
1580,485,0,100,1.0,0
1584,486,0,36,1.0,0
1587,116,1,49,1.0,0
1592,378,1,206,1.0,0
1594,487,0,49,1.0,0
1597,488,0,147,1.0,0
1598,489,0,26,1.0,0
1600,122,1,105,1.0,0
1602,490,0,34,1.0,0
1605,491,0,104,1.0,0
1608,423,1,138,1.0,0
1609,492,0,118,1.0,0
1612,493,0,226,1.0,0
1613,494,0,190,1.0,0
1619,51,1,241,1.0,0
1622,495,0,122,1.0,0
1626,165,1,181,1.0,0
1628,496,1,49,1.0,0
1639,497,0,198,1.0,0
1646,116,1,138,1.0,0
1654,498,0,104,1.0,0
1656,54,1,243,1.0,0
1664,148,1,98,1.0,0
1672,499,1,168,1.0,0
1673,423,1,104,1.0,0
1681,500,0,100,1.0,0
1683,51,1,184,1.0,0
1684,501,0,147,1.0,0
1686,306,1,137,1.0,0
1688,502,0,210,1.0,0
1692,503,0,252,1.0,0
1695,504,0,34,1.0,0
1700,505,1,163,1.0,0
1701,506,0,157,1.0,0
1703,507,0,163,1.0,0
1704,508,0,94,1.0,0
1706,509,0,126,1.0,0
1707,510,0,172,1.0,0
1711,51,1,80,1.0,0
1728,179,1,210,1.0,0
1731,40,1,191,1.0,0
1742,511,0,22,1.0,0
1743,512,0,100,1.0,0
1744,513,0,137,1.0,0
1753,514,0,158,1.0,0
1754,515,0,151,1.0,0
1757,516,0,100,1.0,0
1759,6,1,137,1.0,0
1767,517,0,172,1.0,0
1770,518,0,49,1.0,0
1772,6,1,42,1.0,0
1790,519,0,42,1.0,0
1792,520,0,191,1.0,0
1793,521,0,146,1.0,0
1794,522,0,93,1.0,0
1796,40,1,231,1.0,0
1797,340,1,104,1.0,0
1803,60,1,78,1.0,0
1805,523,0,100,1.0,0
1807,70,1,13,1.0,0
1808,524,0,119,1.0,0
1809,525,0,100,1.0,0
1811,526,0,100,1.0,0
1812,527,0,118,1.0,0
1815,51,1,130,1.0,0
1823,306,1,104,1.0,0
1824,69,1,93,1.0,0
1825,60,1,72,1.0,0
1826,528,0,181,1.0,0
1829,116,1,118,1.0,0
1831,57,1,39,1.0,0
1832,529,1,159,1.0,0
1834,60,1,21,1.0,0
1852,69,1,53,1.0,0
1857,530,0,241,1.0,0
1863,531,0,89,1.0,0
1871,33,1,78,1.0,0
1872,33,1,151,1.0,0
1879,532,0,189,1.0,0
1881,533,0,175,1.0,0
1882,534,0,49,1.0,0
1884,535,0,253,1.0,0
1886,536,0,67,1.0,0
1887,537,0,100,1.0,0
1892,538,0,119,1.0,0
1893,152,1,119,1.0,0
1894,539,0,81,1.0,0
1900,540,0,100,1.0,0
1902,541,0,100,1.0,0
1903,542,1,215,1.0,0
1904,543,0,167,1.0,0
1905,122,1,118,1.0,0
1910,85,1,42,1.0,0
1913,544,0,5,1.0,0
1914,545,0,93,1.0,0
1916,546,0,130,1.0,0
1928,465,1,113,1.0,0
1929,547,0,104,1.0,0
1931,548,0,112,1.0,0
1933,40,1,93,1.0,0
1934,549,0,93,1.0,0
1937,550,0,181,1.0,0
1938,551,0,115,1.0,0
1939,552,0,198,1.0,0
1947,76,1,100,1.0,0
1948,51,1,55,1.0,0
1950,122,1,17,1.0,0
1958,553,0,40,1.0,0
1964,554,0,104,1.0,0
1965,555,0,93,1.0,0
1969,556,0,49,1.0,0
1978,557,0,100,1.0,0
1982,558,0,40,1.0,0
1983,559,1,34,1.0,0
1984,560,0,142,1.0,0
1986,561,0,108,1.0,0
1989,562,0,194,1.0,0
1990,563,0,49,1.0,0
2004,564,0,99,1.0,0
2005,565,0,49,1.0,0
2010,566,0,61,1.0,0
2013,567,0,100,1.0,0
2015,568,0,61,1.0,0
2019,569,0,93,1.0,0
2024,1,1,104,1.0,0
2025,170,1,104,1.0,0
2028,570,1,196,1.0,0
2031,570,1,32,1.0,0
2032,570,1,118,1.0,0
2041,571,0,80,1.0,0
2042,159,1,138,1.0,0
2044,572,0,42,1.0,0
2045,69,1,55,1.0,0
2047,4,1,40,1.0,0
2048,573,0,191,1.0,0
2068,574,0,104,1.0,0
2074,575,0,93,1.0,0
2077,135,1,80,1.0,0
2079,32,1,231,1.0,0
2082,40,1,55,1.0,0
2086,70,1,49,1.0,0
2087,505,1,131,1.0,0
2091,152,1,93,1.0,0
2093,290,1,40,1.0,0
2094,290,1,104,1.0,0
2095,576,0,168,1.0,0
2098,577,0,55,1.0,0
2099,559,1,138,1.0,0
2101,88,1,210,1.0,0
2104,179,1,196,1.0,0
2105,578,0,198,1.0,0
2107,579,0,183,1.0,0
2111,580,0,118,1.0,0
2120,131,1,138,1.0,0
2121,581,0,146,1.0,0
2125,496,1,231,1.0,0
2133,116,1,32,1.0,0
2145,582,1,8,1.0,0
2146,159,1,142,1.0,0
2148,122,1,130,1.0,0
2154,116,1,168,1.0,0
2155,190,1,93,1.0,0
2156,583,0,198,1.0,0
2159,584,0,5,1.0,0
2160,585,0,130,1.0,0
2161,306,1,93,1.0,0
2164,586,0,241,1.0,0
2166,14,1,27,1.0,0
2167,110,1,13,1.0,0
2170,95,1,103,1.0,0
2172,14,1,13,1.0,0
2177,60,1,231,1.0,0
2186,587,0,103,1.0,0
2201,588,0,175,1.0,0
2203,589,1,159,1.0,0
2204,135,1,40,1.0,0
2205,590,0,80,1.0,0
2211,591,0,26,1.0,0
2214,592,0,198,1.0,0
2215,593,0,121,1.0,0
2219,594,1,93,1.0,0
2221,595,0,194,1.0,0
2237,596,0,22,1.0,0
2238,182,1,210,1.0,0
2242,597,0,55,1.0,0
2245,598,0,105,1.0,0
2251,599,0,39,1.0,0
2252,600,0,13,1.0,0
2257,135,1,104,1.0,0
2262,179,1,144,1.0,0
2263,179,1,78,1.0,0
2265,69,1,42,1.0,0
2268,233,1,200,1.0,0
2270,132,1,80,1.0,0
2273,601,0,42,1.0,0
2286,602,0,49,1.0,0
2288,603,0,49,1.0,0
2290,604,0,50,1.0,0
2294,605,0,0,1.0,0
2295,542,1,187,1.0,0
2306,606,0,93,1.0,0
2315,607,0,122,1.0,0
2320,148,1,159,1.0,0
2322,608,0,122,1.0,0
2324,609,0,243,1.0,0
2327,67,1,157,1.0,0
2342,69,1,237,1.0,0
2348,582,1,103,1.0,0
2361,610,1,196,1.0,0
2375,611,0,114,1.0,0
2376,612,0,226,1.0,0
2382,613,0,13,1.0,0
2385,122,1,138,1.0,0
2391,614,0,153,1.0,0
2396,1,1,13,1.0,0
2397,1,1,93,1.0,0
2398,615,0,210,1.0,0
2399,616,0,181,1.0,0
2403,617,0,151,1.0,0
2405,618,0,131,1.0,0
2407,192,1,160,1.0,0
2409,619,0,163,1.0,0
2411,29,1,200,1.0,0
2415,122,1,231,1.0,0
2416,148,1,49,1.0,0
2419,620,0,93,1.0,0
2423,60,1,130,1.0,0
2429,51,1,232,1.0,0
2431,621,1,93,1.0,0
2441,622,0,191,1.0,0
2442,623,0,227,1.0,0
2449,624,0,169,1.0,0
2457,625,0,196,1.0,0
2463,626,0,49,1.0,0
2478,116,1,137,1.0,0
2484,51,1,237,1.0,0
2485,627,0,208,1.0,0
2488,628,0,167,1.0,0
2493,629,0,50,1.0,0
2507,630,1,5,1.0,0
2515,631,0,93,1.0,0
2516,632,0,163,1.0,0
2520,633,0,122,1.0,0
2522,51,1,93,1.0,0
2530,634,0,237,1.0,0
2532,116,1,192,1.0,0
2533,635,0,58,1.0,0
2534,594,1,130,1.0,0
2539,636,0,49,1.0,0
2545,54,1,196,1.0,0
2552,621,1,104,1.0,0
2554,32,1,196,1.0,0
2557,179,1,187,1.0,0
2559,4,1,42,1.0,0
2563,637,0,103,1.0,0
2564,638,0,100,1.0,0
2566,639,0,82,1.0,0
2573,131,1,104,1.0,0
2575,640,0,87,1.0,0
2576,122,1,227,1.0,0
2579,641,0,100,1.0,0
2580,642,0,237,1.0,0
2585,85,1,211,1.0,0
2594,643,0,144,1.0,0
2595,60,1,12,1.0,0
2597,85,1,100,1.0,0
2598,644,0,49,1.0,0
2602,645,0,50,1.0,0
2605,496,1,55,1.0,0
2607,646,0,58,1.0,0
2608,647,0,65,1.0,0
2609,648,0,227,1.0,0
2612,649,0,138,1.0,0
2622,165,1,78,1.0,0
2623,165,1,82,1.0,0
2633,127,1,32,1.0,0
2635,650,0,257,1.0,0
2637,340,1,227,1.0,0
2642,233,1,93,1.0,0
2645,651,0,55,1.0,0
2648,652,0,26,1.0,0
2654,653,0,49,1.0,0
2672,51,1,115,1.0,0
2674,654,0,55,1.0,0
2675,51,1,40,1.0,0
2680,32,1,12,1.0,0
2681,33,1,33,1.0,0
2684,655,1,241,1.0,0
2691,280,1,49,1.0,0
2692,656,0,21,1.0,0
2693,542,1,118,1.0,0
2694,542,1,104,1.0,0
2703,125,1,227,1.0,0
2704,122,1,80,1.0,0
2712,657,0,100,1.0,0
2713,658,0,104,1.0,0
2719,610,1,93,1.0,0
2720,70,1,93,1.0,0
2724,659,0,118,1.0,0
2726,660,0,122,1.0,0
2727,661,0,246,1.0,0
2732,30,1,215,1.0,0
2735,662,0,231,1.0,0
2739,85,1,173,1.0,0
2741,663,0,100,1.0,0
2744,170,1,49,1.0,0
2746,340,1,118,1.0,0
2751,664,0,216,1.0,0
2752,665,0,100,1.0,0
2753,159,1,93,1.0,0
2754,666,0,33,1.0,0
2758,70,1,241,1.0,0
2759,667,0,55,1.0,0
2760,668,0,49,1.0,0
2762,669,0,100,1.0,0
2763,122,1,131,1.0,0
2770,670,0,157,1.0,0
2771,671,0,206,1.0,0
2775,116,1,144,1.0,0
2778,672,0,89,1.0,0
2793,673,0,98,1.0,0
2796,674,0,93,1.0,0
2800,675,0,100,1.0,0
2807,676,0,137,1.0,0
2808,677,0,172,1.0,0
2829,678,0,14,1.0,0
2833,679,0,62,1.0,0
2839,680,0,93,1.0,0
2841,190,1,215,1.0,0
2844,116,1,101,1.0,0
2852,60,1,42,1.0,0
2857,226,1,138,1.0,0
2874,40,1,142,1.0,0
2880,70,1,231,1.0,0
2885,681,0,100,1.0,0
2888,165,1,93,1.0,0
2892,682,0,50,1.0,0
2902,683,0,175,1.0,0
2903,684,0,68,1.0,0
2907,685,0,118,1.0,0
2917,27,1,82,1.0,0
2921,686,0,130,1.0,0
2922,687,0,49,1.0,0
2929,688,0,131,1.0,0
2938,689,0,82,1.0,0
2940,115,1,242,1.0,0
2944,690,0,13,1.0,0
2946,233,1,138,1.0,0
2949,691,0,100,1.0,0
2960,692,0,58,1.0,0
2962,693,0,93,1.0,0
2964,694,0,58,1.0,0
2982,695,0,200,1.0,0
2983,465,1,42,1.0,0
3014,696,0,109,1.0,0
3017,697,0,28,1.0,0
3018,698,0,175,1.0,0
3028,699,0,14,1.0,0
3042,72,1,13,1.0,0
3053,423,1,40,1.0,0
3057,366,1,93,1.0,0
3065,116,1,8,1.0,0
3068,700,0,137,1.0,0
3074,701,0,68,1.0,0
3077,702,0,93,1.0,0
3078,703,0,212,1.0,0
3082,704,0,13,1.0,0
3085,705,0,118,1.0,0
3089,1,1,118,1.0,0
3104,127,1,8,1.0,0
3109,706,0,55,1.0,0
3112,707,0,42,1.0,0
3117,708,0,181,1.0,0
3118,709,0,238,1.0,0
3121,165,1,71,1.0,0
3124,710,0,163,1.0,0
3126,711,0,100,1.0,0
3130,712,0,181,1.0,0
3140,713,0,163,1.0,0
3146,290,1,187,1.0,0
3147,714,0,163,1.0,0
3148,715,0,93,1.0,0
3151,716,0,146,1.0,0
3158,409,1,93,1.0,0
3159,717,0,210,1.0,0
3164,718,0,50,1.0,0
3165,192,1,131,1.0,0
3168,719,0,13,1.0,0
3173,720,0,5,1.0,0
3183,721,0,212,1.0,0
3190,722,0,93,1.0,0
3191,723,0,131,1.0,0
3192,724,0,163,1.0,0
3193,725,0,55,1.0,0
3209,135,1,13,1.0,0
3217,726,0,144,1.0,0
3219,727,0,144,1.0,0
3223,728,0,144,1.0,0
3224,190,1,100,1.0,0
3226,729,0,147,1.0,0
3229,730,0,85,1.0,0
3235,731,0,241,1.0,0
3237,6,1,5,1.0,0
3242,732,0,78,1.0,0
3245,233,1,118,1.0,0
3263,733,0,106,1.0,0
3272,734,0,34,1.0,0
3273,735,0,21,1.0,0
3274,191,1,100,1.0,0
3284,736,0,55,1.0,0
3287,192,1,100,1.0,0
3295,737,0,100,1.0,0
3296,738,0,104,1.0,0
3298,739,0,210,1.0,0
3306,269,1,196,1.0,0
3308,740,1,49,1.0,0
3309,741,0,13,1.0,0
3311,306,1,168,1.0,0
3315,742,0,49,1.0,0
3316,743,0,13,1.0,0
3325,33,1,85,1.0,0
3328,744,0,58,1.0,0
3329,745,0,146,1.0,0
3332,179,1,100,1.0,0
3334,746,0,58,1.0,0
3336,263,1,200,1.0,0
3337,559,1,100,1.0,0
3343,559,1,104,1.0,0
3347,747,0,118,1.0,0
3355,748,0,28,1.0,0
3356,749,0,254,1.0,0
3358,750,0,175,1.0,0
3360,751,0,108,1.0,0
3371,752,0,237,1.0,0
3372,753,0,120,1.0,0
3373,170,1,100,1.0,0
3378,301,1,49,1.0,0
3379,754,0,55,1.0,0
3380,755,0,55,1.0,0
3381,756,0,159,1.0,0
3385,757,0,100,1.0,0
3388,758,0,42,1.0,0
3392,57,1,42,1.0,0
3394,57,1,189,1.0,0
3395,759,0,42,1.0,0
3396,760,0,131,1.0,0
3402,761,0,100,1.0,0
3408,56,1,40,1.0,0
3414,762,0,112,1.0,0
3415,60,1,32,1.0,0
3418,610,1,168,1.0,0
3421,763,0,13,1.0,0
3432,764,0,5,1.0,0
3438,765,0,175,1.0,0
3445,423,1,210,1.0,0
3450,766,0,55,1.0,0
3451,767,0,137,1.0,0
3452,768,0,42,1.0,0
3454,114,1,237,1.0,0
3455,306,1,196,1.0,0
3457,769,0,104,1.0,0
3479,770,0,241,1.0,0
3489,771,0,135,1.0,0
3493,4,1,54,1.0,0
3495,772,0,5,1.0,0
3500,773,0,50,1.0,0
3502,774,0,144,1.0,0
3526,95,1,227,1.0,0
3529,775,0,138,1.0,0
3547,192,1,78,1.0,0
3554,776,0,61,1.0,0
3555,777,0,58,1.0,0
3564,778,0,200,1.0,0
3565,779,0,144,1.0,0
3566,780,0,150,1.0,0
3567,781,0,200,1.0,0
3569,782,0,42,1.0,0
3571,783,0,181,1.0,0
3573,784,0,114,1.0,0
3575,785,0,74,1.0,0
3579,786,1,103,1.0,0
3584,77,1,36,1.0,0
3585,787,0,181,1.0,0
3586,788,0,210,1.0,0
3589,31,1,81,1.0,0
3601,789,0,13,1.0,0
3602,72,1,191,1.0,0
3603,790,0,96,1.0,0
3621,51,1,107,1.0,0
3622,791,0,93,1.0,0
3626,792,0,206,1.0,0
3627,76,1,104,1.0,0
3633,793,0,122,1.0,0
3640,165,1,54,1.0,0
3645,165,1,118,1.0,0
3649,794,0,11,1.0,0
3652,428,1,54,1.0,0
3658,795,0,181,1.0,0
3668,796,0,93,1.0,0
3670,797,0,33,1.0,0
3675,798,0,210,1.0,0
3677,799,0,191,1.0,0
3678,800,0,59,1.0,0
3681,301,1,206,1.0,0
3682,801,0,55,1.0,0
3683,170,1,131,1.0,0
3689,226,1,206,1.0,0
3698,116,1,206,1.0,0
3705,165,1,231,1.0,0
3706,116,1,211,1.0,0
3713,170,1,5,1.0,0
3719,802,0,20,1.0,0
3720,803,0,104,1.0,0
3721,804,1,254,1.0,0
3723,27,1,227,1.0,0
3726,805,0,156,1.0,0
3741,1,1,100,1.0,0
3752,806,0,237,1.0,0
3755,132,1,33,1.0,0
3760,132,1,114,1.0,0
3763,807,0,93,1.0,0
3791,56,1,237,1.0,0
3793,808,0,55,1.0,0
3809,165,1,206,1.0,0
3818,809,0,93,1.0,0
3820,134,1,100,1.0,0
3825,127,1,13,1.0,0
3827,810,0,93,1.0,0
3835,72,1,187,1.0,0
3839,191,1,83,1.0,0
3840,811,0,58,1.0,0
3841,812,0,34,1.0,0
3843,813,0,89,1.0,0
3854,409,1,137,1.0,0
3862,51,1,208,1.0,0
3879,814,0,181,1.0,0
3885,409,1,55,1.0,0
3902,815,0,55,1.0,0
3903,816,0,118,1.0,0
3906,423,1,100,1.0,0
3912,817,0,104,1.0,0
3913,125,1,138,1.0,0
3918,818,0,147,1.0,0
3920,819,0,182,1.0,0
3930,820,0,147,1.0,0
3932,127,1,118,1.0,0
3940,821,0,104,1.0,0
3943,822,0,55,1.0,0
3959,27,1,168,1.0,0
3962,125,1,246,1.0,0
3963,290,1,138,1.0,0
3966,40,1,42,1.0,0
3972,823,0,74,1.0,0
3990,824,0,91,1.0,0
3997,825,0,53,1.0,0
4002,826,0,179,1.0,0
4005,366,1,55,1.0,0
4013,60,1,20,1.0,0
4019,827,0,118,1.0,0
4020,828,0,55,1.0,0
4027,829,0,104,1.0,0
4028,6,1,55,1.0,0
4029,830,0,65,1.0,0
4031,831,0,200,1.0,0
4032,832,0,200,1.0,0
4033,833,0,93,1.0,0
4040,834,0,100,1.0,0
4042,835,0,119,1.0,0
4050,77,1,237,1.0,0
4059,836,0,187,1.0,0
4070,837,0,227,1.0,0
4071,306,1,13,1.0,0
4082,236,1,144,1.0,0
4083,838,0,40,1.0,0
4089,122,1,101,1.0,0
4101,839,0,58,1.0,0
4108,840,0,191,1.0,0
4110,841,0,120,1.0,0
4111,842,0,187,1.0,0
4115,190,1,206,1.0,0
4122,570,1,206,1.0,0
4125,843,0,79,1.0,0
4132,844,0,22,1.0,0
4139,57,1,175,1.0,0
4144,845,0,200,1.0,0
4147,846,0,144,1.0,0
4149,87,1,76,1.0,0
4155,847,0,210,1.0,0
4160,428,1,22,1.0,0
4165,848,0,55,1.0,0
4171,849,0,40,1.0,0
4172,340,1,138,1.0,0
4175,850,0,130,1.0,0
4177,6,1,196,1.0,0
4180,851,0,22,1.0,0
4182,69,1,138,1.0,0
4184,236,1,49,1.0,0
4185,236,1,195,1.0,0
4186,852,0,200,1.0,0
4187,132,1,138,1.0,0
4188,630,1,138,1.0,0
4189,853,0,42,1.0,0
4191,854,0,40,1.0,0
4201,855,0,168,1.0,0
4206,6,1,49,1.0,0
4207,856,0,241,1.0,0
4214,122,1,40,1.0,0
4228,857,0,50,1.0,0
4233,858,0,80,1.0,0
4241,859,0,175,1.0,0
4263,860,0,42,1.0,0
4264,861,0,78,1.0,0
4268,30,1,100,1.0,0
4272,862,0,191,1.0,0
4276,863,0,100,1.0,0
4277,864,0,111,1.0,0
4280,740,1,55,1.0,0
4283,165,1,72,1.0,0
4284,865,0,55,1.0,0
4288,866,0,144,1.0,0
4290,867,0,175,1.0,0
4294,496,1,80,1.0,0
4313,165,1,138,1.0,0
4316,868,0,207,1.0,0
4317,869,0,103,1.0,0
4318,51,1,160,1.0,0
4324,870,0,22,1.0,0
4325,871,1,50,1.0,0
4350,630,1,231,1.0,0
4358,51,1,35,1.0,0
4362,135,1,237,1.0,0
4376,226,1,55,1.0,0
4391,409,1,144,1.0,0
4395,872,0,181,1.0,0
4399,170,1,40,1.0,0
4409,873,0,191,1.0,0
4415,366,1,175,1.0,0
4419,874,0,73,1.0,0
4421,875,0,55,1.0,0
4429,876,0,58,1.0,0
4430,877,0,56,1.0,0
4431,878,0,175,1.0,0
4437,879,0,50,1.0,0
4438,880,1,137,1.0,0
4439,881,0,93,1.0,0
4445,882,0,49,1.0,0
4459,883,0,19,1.0,0
4464,582,1,42,1.0,0
4469,884,0,241,1.0,0
4474,582,1,200,1.0,0
4475,179,1,5,1.0,0
4484,885,0,49,1.0,0
4486,306,1,138,1.0,0
4487,886,0,42,1.0,0
4488,27,1,5,1.0,0
4535,190,1,82,1.0,0
4536,87,1,196,1.0,0
4537,887,0,42,1.0,0
4540,888,0,172,1.0,0
4541,889,0,42,1.0,0
4547,890,0,212,1.0,0
4549,85,1,138,1.0,0
4565,891,0,12,1.0,0
4566,892,0,108,1.0,0
4573,893,0,43,1.0,0
4576,135,1,55,1.0,0
4581,135,1,146,1.0,0
4583,135,1,144,1.0,0
4589,894,0,49,1.0,0
4594,116,1,76,1.0,0
4595,895,0,241,1.0,0
4596,896,0,20,1.0,0
4597,897,0,116,1.0,0
4600,630,1,80,1.0,0
4626,32,1,42,1.0,0
4633,898,0,231,1.0,0
4637,589,1,118,1.0,0
4640,589,1,100,1.0,0
4659,899,0,100,1.0,0
4660,900,0,231,1.0,0
4663,505,1,139,1.0,0
4666,496,1,241,1.0,0
4667,496,1,196,1.0,0
4687,901,0,92,1.0,0
4707,902,0,183,1.0,0
4713,54,1,49,1.0,0
4723,903,0,210,1.0,0
4727,542,1,32,1.0,0
4729,904,0,242,1.0,0
4745,340,1,206,1.0,0
4746,340,1,53,1.0,0
4755,905,0,117,1.0,0
4758,338,1,237,1.0,0
4759,122,1,13,1.0,0
4767,906,0,100,1.0,0
4769,51,1,231,1.0,0
4780,907,0,138,1.0,0
4781,908,0,175,1.0,0
4790,127,1,137,1.0,0
4801,909,0,209,1.0,0
4809,910,0,93,1.0,0
4818,911,0,79,1.0,0
4820,912,0,75,1.0,0
4821,182,1,179,1.0,0
4824,913,0,22,1.0,0
4840,914,0,5,1.0,0
4846,915,0,169,1.0,0
4851,916,0,119,1.0,0
4882,131,1,166,1.0,0
4886,33,1,237,1.0,0
4897,917,0,142,1.0,0
4899,122,1,144,1.0,0
4914,918,0,33,1.0,0
4916,70,1,130,1.0,0
4920,529,1,12,1.0,0
4921,179,1,138,1.0,0
4926,919,0,123,1.0,0
4930,920,0,54,1.0,0
4933,921,0,194,1.0,0
4946,922,0,42,1.0,0
4948,923,0,100,1.0,0
4950,740,1,237,1.0,0
4953,924,0,46,1.0,0
4976,155,1,168,1.0,0
4981,925,0,258,1.0,0
4985,191,1,42,1.0,0
4987,926,0,190,1.0,0
4988,927,0,191,1.0,0
4997,928,0,100,1.0,0
5013,929,0,59,1.0,0
5027,930,0,49,1.0,0
5028,931,0,49,1.0,0
5047,226,1,237,1.0,0
5054,135,1,206,1.0,0
5056,932,0,49,1.0,0
5066,27,1,175,1.0,0
5069,933,0,179,1.0,0
5081,27,1,53,1.0,0
5083,934,0,50,1.0,0
5084,935,0,50,1.0,0
5088,165,1,20,1.0,0
5119,936,0,175,1.0,0
5129,937,0,69,1.0,0
5131,938,0,74,1.0,0
5139,939,0,163,1.0,0
5152,29,1,13,1.0,0
5153,940,0,42,1.0,0
5154,941,0,117,1.0,0
5155,942,0,171,1.0,0
5162,226,1,119,1.0,0
5170,943,0,22,1.0,0
5175,944,0,13,1.0,0
5176,190,1,40,1.0,0
5178,945,0,142,1.0,0
5179,946,0,132,1.0,0
5180,947,0,100,1.0,0
5184,948,0,144,1.0,0
5193,949,0,100,1.0,0
5207,70,1,195,1.0,0
5224,950,0,64,1.0,0
5231,951,0,239,1.0,0
5237,952,0,197,1.0,0
5243,505,1,157,1.0,0
5251,621,1,118,1.0,0
5252,621,1,100,1.0,0
5256,953,0,147,1.0,0
5262,954,1,100,1.0,0
5265,378,1,100,1.0,0
5267,378,1,159,1.0,0
5275,955,0,50,1.0,0
5284,179,1,93,1.0,0
5300,72,1,211,1.0,0
5302,12,1,241,1.0,0
5307,956,0,146,1.0,0
5309,957,0,200,1.0,0
5325,51,1,13,1.0,0
5329,51,1,112,1.0,0
5330,880,1,119,1.0,0
5331,51,1,206,1.0,0
5334,880,1,219,1.0,0
5338,76,1,206,1.0,0
5342,958,0,222,1.0,0
5346,192,1,196,1.0,0
5347,959,0,100,1.0,0
5349,960,0,26,1.0,0
5355,961,0,142,1.0,0
5375,962,0,40,1.0,0
5384,496,1,100,1.0,0
5386,963,0,43,1.0,0
5387,880,1,100,1.0,0
5390,338,1,93,1.0,0
5392,964,0,188,1.0,0
5403,965,0,46,1.0,0
5411,966,0,100,1.0,0
5428,127,1,187,1.0,0
5433,127,1,206,1.0,0
5435,967,0,210,1.0,0
5436,968,0,55,1.0,0
5447,969,0,206,1.0,0
5461,970,0,131,1.0,0
5464,4,1,211,1.0,0
5469,971,0,142,1.0,0
5473,972,0,191,1.0,0
5484,973,0,49,1.0,0
5485,974,0,229,1.0,0
5487,975,0,80,1.0,0
5490,134,1,130,1.0,0
5492,976,0,80,1.0,0
5512,977,0,131,1.0,0
5514,135,1,130,1.0,0
5519,76,1,49,1.0,0
5522,978,0,129,1.0,0
5530,378,1,118,1.0,0
5536,979,0,201,1.0,0
5539,980,0,39,1.0,0
5541,981,0,181,1.0,0
5542,155,1,100,1.0,0
5548,982,0,179,1.0,0
5573,165,1,251,1.0,0
5585,983,0,40,1.0,0
5587,984,0,55,1.0,0
5589,985,0,49,1.0,0
5590,986,0,239,1.0,0
5600,987,0,61,1.0,0
5601,988,0,93,1.0,0
5605,989,0,146,1.0,0
5626,990,1,241,1.0,0
5631,991,0,109,1.0,0
5643,992,0,175,1.0,0
5644,60,1,17,1.0,0
5647,993,0,195,1.0,0
5648,465,1,54,1.0,0
5655,994,0,82,1.0,0
5656,85,1,17,1.0,0
5661,995,0,13,1.0,0
5667,996,0,49,1.0,0
5676,33,1,160,1.0,0
5680,306,1,100,1.0,0
5682,226,1,204,1.0,0
5683,997,0,118,1.0,0
5689,290,1,33,1.0,0
5690,226,1,42,1.0,0
5695,122,1,8,1.0,0
5696,998,0,21,1.0,0
5702,999,0,195,1.0,0
5705,1000,0,74,1.0,0
5709,132,1,130,1.0,0
5710,1001,0,247,1.0,0
5712,496,1,130,1.0,0
5713,1002,0,229,1.0,0
5714,1003,0,50,1.0,0
5725,1004,0,130,1.0,0
5729,33,1,80,1.0,0
5752,1005,0,100,1.0,0
5755,1006,0,55,1.0,0
5769,1007,0,77,1.0,0
5779,1008,0,58,1.0,0
5801,290,1,13,1.0,0
5803,192,1,49,1.0,0
5813,1009,0,50,1.0,0
5815,1010,0,181,1.0,0
5829,1011,0,42,1.0,0
5841,1012,0,50,1.0,0
5843,51,1,33,1.0,0
5844,1013,0,167,1.0,0
5847,4,1,33,1.0,0
5875,1014,0,39,1.0,0
5880,1015,0,13,1.0,0
5881,1016,0,200,1.0,0
5891,1017,0,100,1.0,0
5898,1018,0,130,1.0,0
5915,85,1,137,1.0,0
5932,159,1,77,1.0,0
5949,1019,0,39,1.0,0
6005,630,1,1,1.0,0
6015,1020,0,130,1.0,0
6016,1021,0,5,1.0,0
6023,1022,0,200,1.0,0
6031,1,1,231,1.0,0
6035,1023,0,55,1.0,0
6039,1024,1,100,1.0,0
6056,1025,0,50,1.0,0
6074,1026,0,102,1.0,0
6087,1027,0,118,1.0,0
6097,1028,0,80,1.0,0
6105,559,1,168,1.0,0
6107,125,1,93,1.0,0
6108,1029,0,100,1.0,0
6117,1030,0,93,1.0,0
6127,1031,0,147,1.0,0
6135,340,1,55,1.0,0
6160,1032,0,112,1.0,0
6173,77,1,20,1.0,0
6174,1033,0,138,1.0,0
6177,192,1,246,1.0,0
6181,1034,0,231,1.0,0
6186,1035,0,131,1.0,0
6191,1036,0,229,1.0,0
6193,1037,0,241,1.0,0
6195,1038,0,123,1.0,0
6196,1039,0,206,1.0,0
6197,1040,0,50,1.0,0
6198,1041,0,181,1.0,0
6202,1042,0,181,1.0,0
6205,570,1,137,1.0,0
6207,1043,0,10,1.0,0
6212,1044,0,114,1.0,0
6215,1045,0,50,1.0,0
6259,51,1,196,1.0,0
6262,1046,0,42,1.0,0
6271,1047,0,175,1.0,0
6276,152,1,60,1.0,0
6286,1048,0,42,1.0,0
6288,1049,0,42,1.0,0
6310,1050,0,182,1.0,0
6312,6,1,138,1.0,0
6320,499,1,227,1.0,0
6322,1051,0,49,1.0,0
6330,1052,0,42,1.0,0
6332,1053,0,190,1.0,0
6333,1054,0,131,1.0,0
6343,1055,0,118,1.0,0
6351,1056,0,49,1.0,0
6354,1057,0,229,1.0,0
6390,1058,0,196,1.0,0
6424,1059,0,160,1.0,0
6425,1060,0,28,1.0,0
6427,1061,0,61,1.0,0
6429,6,1,109,1.0,0
6437,1062,0,93,1.0,0
6455,1063,0,100,1.0,0
6463,1064,0,55,1.0,0
6482,1065,0,196,1.0,0
6488,190,1,49,1.0,0
6489,1066,0,42,1.0,0
6492,1067,0,184,1.0,0
6495,192,1,219,1.0,0
6497,1068,0,10,1.0,0
6500,1069,0,53,1.0,0
6501,1070,0,50,1.0,0
6502,14,1,50,1.0,0
6503,1071,0,258,1.0,0
6514,1072,0,58,1.0,0
6518,1073,0,49,1.0,0
6524,32,1,33,1.0,0
6531,1074,0,22,1.0,0
6532,1075,0,22,1.0,0
6536,1076,0,100,1.0,0
6556,1077,0,131,1.0,0
6559,1078,0,81,1.0,0
6567,610,1,49,1.0,0
6578,51,1,210,1.0,0
6579,1079,0,229,1.0,0
6580,1080,0,100,1.0,0
6583,125,1,118,1.0,0
6585,1081,0,70,1.0,0
6598,1082,0,100,1.0,0
6607,116,1,210,1.0,0
6610,1083,0,15,1.0,0
6612,1084,0,93,1.0,0
6643,1085,0,61,1.0,0
6644,529,1,32,1.0,0
6669,1086,0,22,1.0,0
6673,1087,0,195,1.0,0
6674,1088,0,81,1.0,0
6680,1089,0,16,1.0,0
6689,135,1,138,1.0,0
6690,740,1,13,1.0,0
6691,1090,0,200,1.0,0
6692,155,1,5,1.0,0
6707,155,1,187,1.0,0
6718,1091,0,55,1.0,0
6719,1092,0,42,1.0,0
6728,1093,0,53,1.0,0
6744,87,1,5,1.0,0
6752,1094,0,141,1.0,0
6755,1095,0,130,1.0,0
6756,1096,1,5,1.0,0
6765,1097,0,19,1.0,0
6768,1098,0,175,1.0,0
6788,1099,0,216,1.0,0
6790,1100,0,54,1.0,0
6818,1101,0,77,1.0,0
6820,1102,0,55,1.0,0
6830,1103,0,195,1.0,0
6840,1104,0,200,1.0,0
6844,1105,0,118,1.0,0
6845,1106,0,196,1.0,0
6857,1107,0,22,1.0,0
6862,1108,0,42,1.0,0
6863,1109,0,20,1.0,0
6896,954,1,104,1.0,0
6898,1110,0,24,1.0,0
6906,1111,0,49,1.0,0
6945,1112,0,114,1.0,0
6946,1113,0,89,1.0,0
6969,409,1,40,1.0,0
6976,871,1,118,1.0,0
6977,1114,0,146,1.0,0
6983,1115,0,74,1.0,0
7004,190,1,42,1.0,0
7022,1116,0,208,1.0,0
7028,72,1,93,1.0,0
7033,1117,0,49,1.0,0
7035,1118,0,42,1.0,0
7049,1119,0,162,1.0,0
7060,1120,0,13,1.0,0
7109,1121,0,145,1.0,0
7116,135,1,210,1.0,0
7123,60,1,211,1.0,0
7149,69,1,215,1.0,0
7150,60,1,13,1.0,0
7154,1122,0,14,1.0,0
7155,1123,0,131,1.0,0
7158,871,1,104,1.0,0
7161,1124,0,196,1.0,0
7166,1125,0,227,1.0,0
7172,1126,0,138,1.0,0
7175,70,1,28,1.0,0
7179,1127,0,49,1.0,0
7191,1128,0,112,1.0,0
7192,1129,0,22,1.0,0
7196,1130,0,55,1.0,0
7207,1131,0,13,1.0,0
7225,1132,0,220,1.0,0
7226,1133,0,93,1.0,0
7230,1134,0,118,1.0,0
7236,1135,0,55,1.0,0
7254,87,1,17,1.0,0
7261,1136,0,50,1.0,0
7267,60,1,241,1.0,0
7276,1137,0,100,1.0,0
7287,191,1,200,1.0,0
7307,1138,0,144,1.0,0
7329,1139,0,194,1.0,0
7337,1140,0,55,1.0,0
7352,1141,0,254,1.0,0
7357,1142,0,74,1.0,0
7365,1143,0,188,1.0,0
7369,1144,0,108,1.0,0
7370,1145,0,210,1.0,0
7374,1146,0,217,1.0,0
7376,1147,0,112,1.0,0
7383,1148,0,118,1.0,0
7387,1149,0,50,1.0,0
7393,1150,0,210,1.0,0
7399,1096,1,1,1.0,0
7409,1151,0,175,1.0,0
7416,1152,0,201,1.0,0
7419,1153,0,120,1.0,0
7420,1154,0,175,1.0,0
7426,191,1,80,1.0,0
7462,428,1,175,1.0,0
7463,165,1,80,1.0,0
7482,1155,0,229,1.0,0
7506,1156,0,137,1.0,0
7529,1157,0,13,1.0,0
7553,307,1,191,1.0,0
7562,423,1,93,1.0,0
7564,1158,0,21,1.0,0
7567,70,1,206,1.0,0
7568,191,1,55,1.0,0
7569,1159,0,50,1.0,0
7570,1160,0,42,1.0,0
7571,1161,0,40,1.0,0
7572,1162,0,49,1.0,0
7574,6,1,93,1.0,0
7575,1163,0,137,1.0,0
7584,1164,0,118,1.0,0
7590,12,1,146,1.0,0
7594,1165,0,77,1.0,0
7598,1166,0,200,1.0,0
7599,1167,0,54,1.0,0
7605,1168,0,237,1.0,0
7607,1169,0,130,1.0,0
7616,87,1,93,1.0,0
7634,269,1,99,1.0,0
7651,116,1,80,1.0,0
7658,1170,0,19,1.0,0
7663,1171,1,118,1.0,0
7674,1172,0,49,1.0,0
7696,1173,0,164,1.0,0
7697,1174,0,55,1.0,0
7704,155,1,104,1.0,0
7733,179,1,1,1.0,0
7734,1175,0,80,1.0,0
7744,1176,0,80,1.0,0
7782,1177,0,63,1.0,0
7793,423,1,237,1.0,0
7810,30,1,151,1.0,0
7824,131,1,108,1.0,0
7836,1178,0,137,1.0,0
7837,1179,0,241,1.0,0
7842,1180,0,131,1.0,0
7844,1181,0,158,1.0,0
7846,1182,0,100,1.0,0
7849,87,1,150,1.0,0
7854,57,1,22,1.0,0
7861,1183,0,39,1.0,0
7867,804,1,159,1.0,0
7876,1184,0,49,1.0,0
7886,1185,0,108,1.0,0
7890,1186,0,175,1.0,0
7894,1187,0,55,1.0,0
7915,1,1,42,1.0,0
7916,122,1,142,1.0,0
7939,31,1,49,1.0,0
7979,1188,0,191,1.0,0
7995,1189,0,42,1.0,0
7996,1190,0,173,1.0,0
8005,1191,0,131,1.0,0
8012,1192,0,200,1.0,0
8014,1193,0,42,1.0,0
8015,1194,0,32,1.0,0
8034,1195,0,237,1.0,0
8035,499,1,231,1.0,0
8048,1196,1,130,1.0,0
8049,610,1,138,1.0,0
8053,1197,0,100,1.0,0
8054,610,1,100,1.0,0
8056,1196,1,55,1.0,0
8062,1198,0,49,1.0,0
8069,1199,0,122,1.0,0
8071,1200,0,195,1.0,0
8088,1201,0,245,1.0,0
8091,1202,0,198,1.0,0
8094,1203,0,114,1.0,0
8095,1204,0,169,1.0,0
8099,60,1,208,1.0,0
8107,1205,0,216,1.0,0
8110,1206,0,13,1.0,0
8111,1207,0,55,1.0,0
8112,1208,0,55,1.0,0
8126,191,1,231,1.0,0
8133,1209,0,13,1.0,0
8137,1210,0,71,1.0,0
8139,1211,0,54,1.0,0
8143,1212,0,42,1.0,0
8144,1213,0,142,1.0,0
8149,1214,0,49,1.0,0
8151,1215,0,13,1.0,0
8153,1216,0,119,1.0,0
8160,1217,0,131,1.0,0
8178,1218,0,195,1.0,0
8187,122,1,154,1.0,0
8199,1219,0,218,1.0,0
8213,1220,0,195,1.0,0
8214,1221,0,55,1.0,0
8218,1222,0,80,1.0,0
8224,1223,0,196,1.0,0
8232,1224,0,42,1.0,0
8247,1225,0,100,1.0,0
8271,1226,0,100,1.0,0
8273,1227,0,191,1.0,0
8284,1228,0,229,1.0,0
8285,233,1,160,1.0,0
8297,1229,0,55,1.0,0
8321,1230,0,186,1.0,0
8331,192,1,138,1.0,0
8332,301,1,142,1.0,0
8337,1231,0,49,1.0,0
8349,1232,0,50,1.0,0
8350,1233,0,50,1.0,0
8356,135,1,143,1.0,0
8364,1234,0,100,1.0,0
8365,1235,0,58,1.0,0
8369,1236,0,61,1.0,0
8393,1237,0,144,1.0,0
8396,116,1,200,1.0,0
8399,165,1,49,1.0,0
8402,1238,0,142,1.0,0
8410,116,1,219,1.0,0
8415,1239,0,100,1.0,0
8420,132,1,49,1.0,0
8439,204,1,100,1.0,0
8440,1240,0,104,1.0,0
8450,1241,0,42,1.0,0
8460,1242,0,67,1.0,0
8472,1243,0,13,1.0,0
8490,1244,0,227,1.0,0
8501,72,1,49,1.0,0
8523,630,1,210,1.0,0
8531,570,1,55,1.0,0
8539,1245,0,119,1.0,0
8540,340,1,49,1.0,0
8544,33,1,5,1.0,0
8568,1246,0,156,1.0,0
8577,1247,0,187,1.0,0
8596,191,1,118,1.0,0
8597,1248,0,55,1.0,0
8599,1249,0,118,1.0,0
8615,1250,0,63,1.0,0
8620,559,1,213,1.0,0
8637,340,1,196,1.0,0
8671,1251,0,198,1.0,0
8673,1,1,144,1.0,0
8685,179,1,241,1.0,0
8718,1252,0,182,1.0,0
8764,116,1,83,1.0,0
8777,191,1,144,1.0,0
8780,1253,0,105,1.0,0
8782,1254,0,254,1.0,0
8787,465,1,142,1.0,0
8794,1255,0,196,1.0,0
8829,29,1,42,1.0,0
8831,1256,0,49,1.0,0
8832,1257,0,55,1.0,0
8834,191,1,53,1.0,0
8846,1258,0,103,1.0,0
8852,1259,0,215,1.0,0
8853,1260,0,59,1.0,0
8884,1261,0,24,1.0,0
8885,1262,0,25,1.0,0
8892,1263,0,198,1.0,0
8895,954,1,138,1.0,0
8902,1264,0,241,1.0,0
8905,4,1,144,1.0,0
8923,51,1,219,1.0,0
8930,1265,0,241,1.0,0
8956,1266,0,89,1.0,0
8957,1267,0,221,1.0,0
8960,155,1,118,1.0,0
8968,1268,0,120,1.0,0
8970,1269,0,14,1.0,0
8980,1270,0,58,1.0,0
8995,1271,0,93,1.0,0
9016,1272,0,49,1.0,0
9036,1273,0,28,1.0,0
9037,1274,0,131,1.0,0
9039,1,1,55,1.0,0
9046,1275,0,13,1.0,0
9050,1276,0,42,1.0,0
9058,1277,0,100,1.0,0
9061,1278,0,241,1.0,0
9071,1279,1,100,1.0,0
9102,1280,0,22,1.0,0
9115,1281,0,22,1.0,0
9118,70,1,205,1.0,0
9139,32,1,104,1.0,0
9142,1282,0,137,1.0,0
9146,1283,0,49,1.0,0
9152,1284,0,163,1.0,0
9157,1285,0,163,1.0,0
9172,179,1,8,1.0,0
9176,51,1,42,1.0,0
9180,179,1,49,1.0,0
9181,1096,1,116,1.0,0
9198,1286,0,190,1.0,0
9225,122,1,0,1.0,0
9240,378,1,93,1.0,0
9242,1287,0,147,1.0,0
9244,132,1,72,1.0,0
9260,1288,0,176,1.0,0
9272,1289,0,100,1.0,0
9274,570,1,100,1.0,0
9280,1290,0,196,1.0,0
9283,1291,0,49,1.0,0
9288,1292,0,104,1.0,0
9295,1293,0,64,1.0,0
9337,1294,0,49,1.0,0
9344,1295,0,206,1.0,0
9346,1296,0,237,1.0,0
9347,1297,0,50,1.0,0
9348,1298,0,130,1.0,0
9377,263,1,13,1.0,0
9382,179,1,42,1.0,0
9393,135,1,142,1.0,0
9398,135,1,196,1.0,0
9426,1299,0,55,1.0,0
9436,131,1,191,1.0,0
9438,29,1,241,1.0,0
9441,1300,0,55,1.0,0
9450,179,1,80,1.0,0
9488,1,1,8,1.0,0
9511,1301,0,46,1.0,0
9518,1302,0,203,1.0,0
9519,60,1,39,1.0,0
9541,1303,0,200,1.0,0
9554,204,1,93,1.0,0
9569,1304,0,158,1.0,0
9582,880,1,55,1.0,0
9586,1305,0,231,1.0,0
9591,1,1,53,1.0,0
9625,67,1,31,1.0,0
9641,1306,0,49,1.0,0
9643,1307,0,198,1.0,0
9650,1308,0,77,1.0,0
9654,60,1,141,1.0,0
9671,1309,0,142,1.0,0
9673,1310,0,92,1.0,0
9721,1311,0,200,1.0,0
9730,1312,0,100,1.0,0
9769,1313,0,55,1.0,0
9780,1314,0,74,1.0,0
9788,85,1,187,1.0,0
9820,1315,0,175,1.0,0
9843,1316,0,181,1.0,0
9846,1317,0,118,1.0,0
9850,1318,0,13,1.0,0
9881,1319,0,229,1.0,0
9927,1320,0,58,1.0,0
9934,1321,0,116,1.0,0
9935,170,1,118,1.0,0
9937,191,1,206,1.0,0
9939,1322,0,55,1.0,0
9940,1323,0,93,1.0,0
9946,1324,0,32,1.0,0
9962,51,1,8,1.0,0
9965,1325,0,50,1.0,0
9981,1326,0,6,1.0,0
9987,1327,0,94,1.0,0
9998,204,1,108,1.0,0
10001,1328,0,39,1.0,0
10034,1329,0,50,1.0,0
10035,1330,0,200,1.0,0
10047,122,1,187,1.0,0
10063,1331,0,219,1.0,0
10074,1332,0,158,1.0,0
10075,1333,0,49,1.0,0
10076,1334,0,100,1.0,0
10078,1335,0,55,1.0,0
10089,1336,0,100,1.0,0
10095,191,1,40,1.0,0
10102,60,1,36,1.0,0
10108,1337,0,80,1.0,0
10121,190,1,210,1.0,0
10127,1338,0,108,1.0,0
10143,1339,0,100,1.0,0
10166,70,1,80,1.0,0
10174,1340,0,225,1.0,0
10177,1341,0,156,1.0,0
10179,1342,0,137,1.0,0
10183,1343,0,200,1.0,0
10185,610,1,119,1.0,0
10201,340,1,140,1.0,0
10203,340,1,21,1.0,0
10204,340,1,187,1.0,0
10239,1344,0,49,1.0,0
10244,340,1,100,1.0,0
10246,499,1,5,1.0,0
10265,1345,0,50,1.0,0
10266,1346,0,103,1.0,0
10275,1347,0,42,1.0,0
10276,1348,0,237,1.0,0
10286,1349,0,206,1.0,0
10289,630,1,49,1.0,0
10292,1350,0,200,1.0,0
10299,1351,0,55,1.0,0
10317,27,1,138,1.0,0
10320,1352,0,42,1.0,0
10321,1353,0,93,1.0,0
10381,499,1,80,1.0,0
10382,1354,0,22,1.0,0
10393,1355,0,100,1.0,0
10423,1356,0,55,1.0,0
10438,165,1,187,1.0,0
10465,1357,0,42,1.0,0
10482,1358,0,187,1.0,0
10503,1359,0,119,1.0,0
10512,1360,0,200,1.0,0
10515,1361,0,55,1.0,0
10524,1362,0,42,1.0,0
10539,1363,0,130,1.0,0
10563,67,1,221,1.0,0
10565,1364,0,49,1.0,0
10573,1365,0,241,1.0,0
10598,191,1,241,1.0,0
10601,192,1,241,1.0,0
10613,1366,0,5,1.0,0
10628,33,1,157,1.0,0
10629,1367,0,55,1.0,0
10634,1368,0,94,1.0,0
10635,1369,0,58,1.0,0
10671,1370,0,49,1.0,0
10683,1371,0,231,1.0,0
10691,1372,0,200,1.0,0
10698,1373,0,100,1.0,0
10706,1374,0,175,1.0,0
10709,1375,0,49,1.0,0
10712,1376,0,82,1.0,0
10725,85,1,241,1.0,0
10750,1377,0,49,1.0,0
10755,630,1,93,1.0,0
10770,1378,0,100,1.0,0
10830,954,1,89,1.0,0
10848,87,1,119,1.0,0
10867,1379,0,55,1.0,0
10869,1380,0,100,1.0,0
10872,33,1,119,1.0,0
10876,12,1,171,1.0,0
10898,1,1,89,1.0,0
10931,1381,0,229,1.0,0
10944,1382,0,42,1.0,0
10994,1383,0,49,1.0,0
11016,1384,0,181,1.0,0
11020,1385,0,188,1.0,0
11027,1386,0,100,1.0,0
11030,1387,0,42,1.0,0
11045,1388,0,55,1.0,0
11049,1389,0,55,1.0,0
11060,1390,0,236,1.0,0
11064,1391,0,227,1.0,0
11067,1392,0,159,1.0,0
11072,1393,0,172,1.0,0
11083,1394,0,152,1.0,0
11084,1395,0,177,1.0,0
11086,1396,0,226,1.0,0
11108,1397,0,22,1.0,0
11121,1398,0,84,1.0,0
11144,1399,0,200,1.0,0
11148,1400,0,175,1.0,0
11156,33,1,118,1.0,0
11161,1401,0,87,1.0,0
11191,338,1,72,1.0,0
11205,1402,0,74,1.0,0
11262,1403,0,42,1.0,0
11269,1404,0,241,1.0,0
11275,1405,0,22,1.0,0
11277,1406,0,55,1.0,0
11308,1407,0,159,1.0,0
11311,1408,0,40,1.0,0
11348,1409,0,55,1.0,0
11370,1410,0,239,1.0,0
11386,1411,0,22,1.0,0
11389,1412,0,100,1.0,0
11407,85,1,87,1.0,0
11439,1413,0,222,1.0,0
11441,190,1,32,1.0,0
11457,1414,0,100,1.0,0
11458,179,1,160,1.0,0
11459,1415,0,100,1.0,0
11465,1416,0,49,1.0,0
11485,32,1,140,1.0,0
11505,1417,0,158,1.0,0
11517,1418,0,181,1.0,0
11518,1419,0,22,1.0,0
11539,1420,0,175,1.0,0
11568,192,1,118,1.0,0
11588,1421,0,175,1.0,0
11591,1422,0,175,1.0,0
11613,1423,0,49,1.0,0
11626,4,1,210,1.0,0
11627,871,1,100,1.0,0
11630,1424,0,65,1.0,0
11662,1425,0,93,1.0,0
11670,1426,0,28,1.0,0
11680,1427,0,58,1.0,0
11724,1428,0,50,1.0,0
11728,1429,0,130,1.0,0
11730,1430,0,130,1.0,0
11744,1431,0,175,1.0,0
11791,1432,0,22,1.0,0
11797,1433,0,100,1.0,0
11806,1434,0,55,1.0,0
11836,1435,0,50,1.0,0
11848,630,1,241,1.0,0
11852,67,1,195,1.0,0
11862,67,1,138,1.0,0
11863,1436,0,196,1.0,0
11879,423,1,206,1.0,0
11884,1437,0,61,1.0,0
11895,1438,0,207,1.0,0
11900,1439,0,50,1.0,0
11902,366,1,187,1.0,0
11955,179,1,40,1.0,0
11986,1440,0,40,1.0,0
12003,1441,0,190,1.0,0
12012,1442,0,181,1.0,0
12021,1443,0,14,1.0,0
12051,1444,0,61,1.0,0
12079,1445,0,119,1.0,0
12131,786,1,40,1.0,0
12153,1446,0,50,1.0,0
12154,499,1,49,1.0,0
12157,1447,0,100,1.0,0
12161,1448,0,100,1.0,0
12164,1449,0,74,1.0,0
12173,1450,0,138,1.0,0
12179,1451,0,49,1.0,0
12207,1452,0,119,1.0,0
12223,1453,0,77,1.0,0
12228,1454,0,183,1.0,0
12233,1455,0,58,1.0,0
12245,1456,0,98,1.0,0
12259,1457,0,27,1.0,0
12264,1458,0,50,1.0,0
12266,122,1,160,1.0,0
12312,542,1,231,1.0,0
12321,1459,0,21,1.0,0
12327,1460,0,237,1.0,0
12366,1461,0,49,1.0,0
12393,1462,0,13,1.0,0
12395,1463,0,108,1.0,0
12421,1464,0,42,1.0,0
12424,1465,0,42,1.0,0
12428,44,1,42,1.0,0
12432,191,1,210,1.0,0
12444,1466,0,138,1.0,0
12449,190,1,17,1.0,0
12453,1467,0,181,1.0,0
12457,1468,0,93,1.0,0
12476,165,1,53,1.0,0
12486,1469,0,42,1.0,0
12487,1470,0,210,1.0,0
12505,1471,0,118,1.0,0
12540,1472,0,229,1.0,0
12596,1473,0,141,1.0,0
12597,1474,0,19,1.0,0
12607,1475,0,55,1.0,0
12611,1476,0,55,1.0,0
12614,1477,0,48,1.0,0
12630,1478,0,191,1.0,0
12651,1479,0,49,1.0,0
12652,233,1,81,1.0,0
12654,1480,0,50,1.0,0
12681,1481,0,104,1.0,0
12709,87,1,207,1.0,0
12822,1482,0,25,1.0,0
12823,1483,0,179,1.0,0
12837,1484,0,40,1.0,0
12885,1485,0,150,1.0,0
12902,542,1,144,1.0,0
12905,1486,0,61,1.0,0
12908,132,1,104,1.0,0
12911,1487,0,171,1.0,0
12914,1488,0,55,1.0,0
12923,1489,0,195,1.0,0
12928,1490,0,232,1.0,0
12936,1491,0,210,1.0,0
12947,1492,0,116,1.0,0
12991,70,1,21,1.0,0
13004,70,1,223,1.0,0
13006,1493,0,14,1.0,0
13025,33,1,219,1.0,0
13049,1494,0,93,1.0,0
13079,1495,0,201,1.0,0
13094,1496,0,151,1.0,0
13111,1497,0,210,1.0,0
13134,1498,0,246,1.0,0
13136,1499,0,50,1.0,0
13138,165,1,200,1.0,0
13155,1500,0,13,1.0,0
13167,1501,0,158,1.0,0
13175,499,1,196,1.0,0
13212,1502,0,128,1.0,0
13220,1503,0,22,1.0,0
13246,1504,0,81,1.0,0
13251,1505,0,55,1.0,0
13266,1506,0,206,1.0,0
13268,1507,0,55,1.0,0
13272,1508,0,49,1.0,0
13273,1509,0,191,1.0,0
13296,1510,0,42,1.0,0
13298,1511,0,100,1.0,0
13300,1512,0,182,1.0,0
13368,233,1,108,1.0,0
13377,1,1,108,1.0,0
13399,1513,0,175,1.0,0
13412,1514,0,49,1.0,0
13433,1515,0,210,1.0,0
13452,1516,0,256,1.0,0
13453,1517,0,188,1.0,0
13462,1518,0,55,1.0,0
13463,340,1,130,1.0,0
13464,1519,0,210,1.0,0
13486,1520,0,100,1.0,0
13490,1521,0,93,1.0,0
13497,1522,0,106,1.0,0
13507,338,1,108,1.0,0
13511,1523,0,55,1.0,0
13514,1524,0,89,1.0,0
13515,30,1,205,1.0,0
13517,1525,0,100,1.0,0
13531,1526,0,40,1.0,0
13532,1527,0,55,1.0,0
13536,1528,0,186,1.0,0
13540,1529,0,100,1.0,0
13544,1530,0,227,1.0,0
13554,33,1,241,1.0,0
13556,1531,0,118,1.0,0
13595,505,1,176,1.0,0
13597,1,1,241,1.0,0
13602,1532,0,42,1.0,0
13651,1533,0,33,1.0,0
13672,1534,0,119,1.0,0
13673,1535,0,49,1.0,0
13675,366,1,195,1.0,0
13676,1536,0,227,1.0,0
13681,1537,0,5,1.0,0
13691,263,1,49,1.0,0
13721,1538,0,138,1.0,0
13749,1539,0,196,1.0,0
13798,465,1,210,1.0,0
13800,1540,0,114,1.0,0
13803,465,1,103,1.0,0
13804,57,1,137,1.0,0
13807,465,1,235,1.0,0
13819,1541,0,114,1.0,0
13824,1542,0,15,1.0,0
13829,190,1,146,1.0,0
13858,1543,0,205,1.0,0
13867,1544,0,150,1.0,0
13872,1545,0,55,1.0,0
13885,1546,0,49,1.0,0
13936,542,1,138,1.0,0
13945,559,1,142,1.0,0
13953,1547,0,121,1.0,0
13954,1548,0,55,1.0,0
14000,1549,0,93,1.0,0
14023,1550,0,42,1.0,0
14086,1551,0,117,1.0,0
14096,1552,0,181,1.0,0
14113,67,1,115,1.0,0
14154,1553,0,22,1.0,0
14201,1554,0,39,1.0,0
14211,1555,0,147,1.0,0
14215,1556,0,100,1.0,0
14254,1557,0,100,1.0,0
14257,1558,0,159,1.0,0
14263,1559,0,50,1.0,0
14271,1560,0,61,1.0,0
14309,1561,0,10,1.0,0
14310,1562,0,181,1.0,0
14336,1563,0,13,1.0,0
14370,1564,0,55,1.0,0
14390,1565,0,195,1.0,0
14417,589,1,206,1.0,0
14418,1566,0,226,1.0,0
14441,1567,0,179,1.0,0
14446,1568,0,191,1.0,0
14470,1569,0,42,1.0,0
14475,1570,0,89,1.0,0
14479,1571,0,93,1.0,0
14517,1572,0,5,1.0,0
14530,182,1,220,1.0,0
14531,1573,0,144,1.0,0
14535,192,1,237,1.0,0
14568,87,1,194,1.0,0
14604,496,1,22,1.0,0
14612,1574,0,80,1.0,0
14657,170,1,231,1.0,0
14706,1575,0,100,1.0,0
14727,1576,0,210,1.0,0
14749,1577,0,55,1.0,0
14767,122,1,87,1.0,0
14775,1578,0,55,1.0,0
14796,1579,0,56,1.0,0
14814,1580,0,252,1.0,0
14817,190,1,21,1.0,0
14826,1581,0,13,1.0,0
14871,423,1,55,1.0,0
14875,1582,0,72,1.0,0
14903,1583,0,134,1.0,0
14907,1584,0,13,1.0,0
14937,1585,0,119,1.0,0
14950,954,1,70,1.0,0
14964,954,1,159,1.0,0
15021,51,1,21,1.0,0
15063,1586,0,0,1.0,0
15070,1587,0,49,1.0,0
15075,191,1,13,1.0,0
15080,1588,0,196,1.0,0
15096,1589,0,100,1.0,0
15108,1590,0,187,1.0,0
15112,1591,0,93,1.0,0
15114,1592,0,49,1.0,0
15122,159,1,108,1.0,0
15130,134,1,80,1.0,0
15132,1593,0,49,1.0,0
15134,1594,0,21,1.0,0
15149,1595,0,100,1.0,0
15177,51,1,221,1.0,0
15189,1596,0,228,1.0,0
15205,1597,0,147,1.0,0
15252,1598,0,55,1.0,0
15272,1599,0,49,1.0,0
15296,1600,0,254,1.0,0
15304,1,1,80,1.0,0
15385,1601,0,195,1.0,0
15399,56,1,130,1.0,0
15402,1602,0,114,1.0,0
15431,1603,0,74,1.0,0
15456,319,1,195,1.0,0
15462,1604,0,219,1.0,0
15474,30,1,130,1.0,0
15498,1605,0,210,1.0,0
15516,116,1,160,1.0,0
15517,1606,0,196,1.0,0
15546,1607,0,42,1.0,0
15553,1608,0,49,1.0,0
15554,1609,0,161,1.0,0
15556,1610,0,42,1.0,0
15638,1611,0,13,1.0,0
15699,1612,0,19,1.0,0
15713,125,1,231,1.0,0
15722,1613,0,99,1.0,0
15724,804,1,200,1.0,0
15778,1614,0,100,1.0,0
15779,1615,0,49,1.0,0
15780,610,1,55,1.0,0
15782,1616,0,55,1.0,0
15825,306,1,42,1.0,0
15826,1617,0,13,1.0,0
15832,1618,0,100,1.0,0
15861,1619,0,191,1.0,0
15868,301,1,5,1.0,0
15904,1620,0,172,1.0,0
15929,148,1,241,1.0,0
15934,1621,0,4,1.0,0
15944,1622,0,90,1.0,0
15954,1623,0,90,1.0,0
15965,233,1,8,1.0,0
16058,1624,0,181,1.0,0
16076,1625,0,210,1.0,0
16082,1626,0,55,1.0,0
16151,1627,0,216,1.0,0
16193,1628,0,190,1.0,0
16195,1629,0,88,1.0,0
16199,179,1,170,1.0,0
16214,1630,0,42,1.0,0
16228,1,1,191,1.0,0
16237,378,1,104,1.0,0
16240,179,1,21,1.0,0
16247,1631,0,39,1.0,0
16262,1632,0,24,1.0,0
16289,1633,0,55,1.0,0
16315,1634,0,158,1.0,0
16316,1635,0,146,1.0,0
16317,1636,0,229,1.0,0
16385,1637,0,210,1.0,0
16399,1638,0,112,1.0,0
16402,1639,0,55,1.0,0
16404,1640,0,24,1.0,0
16422,1641,0,55,1.0,0
16431,1642,0,112,1.0,0
16462,570,1,138,1.0,0
16471,125,1,130,1.0,0
16482,1643,0,13,1.0,0
16501,1644,0,109,1.0,0
16519,1645,0,150,1.0,0
16520,1646,0,58,1.0,0
16543,1647,0,150,1.0,0
16558,1648,0,181,1.0,0
16581,1649,0,77,1.0,0
16604,12,1,224,1.0,0
16608,1650,0,163,1.0,0
16613,1651,0,13,1.0,0
16662,1652,0,55,1.0,0
16732,1653,0,63,1.0,0
16810,1654,0,49,1.0,0
16826,70,1,141,1.0,0
16852,1655,0,109,1.0,0
16910,54,1,89,1.0,0
16920,1656,0,190,1.0,0
17011,1657,0,114,1.0,0
17013,155,1,138,1.0,0
17032,1658,0,55,1.0,0
17035,1659,0,226,1.0,0
17121,191,1,138,1.0,0
17124,89,1,138,1.0,0
17174,1660,0,55,1.0,0
17178,1661,0,42,1.0,0
17185,70,1,104,1.0,0
17249,1662,0,119,1.0,0
17290,499,1,42,1.0,0
17302,559,1,159,1.0,0
17309,559,1,40,1.0,0
17316,559,1,118,1.0,0
17356,1663,0,54,1.0,0
17361,1664,0,54,1.0,0
17365,1665,0,42,1.0,0
17368,1666,0,42,1.0,0
17388,1667,0,2,1.0,0
17401,1668,0,206,1.0,0
17438,191,1,49,1.0,0
17448,1669,0,119,1.0,0
17453,1670,0,227,1.0,0
17463,1671,0,92,1.0,0
17464,1672,0,27,1.0,0
17488,301,1,8,1.0,0
17506,165,1,130,1.0,0
17511,1,1,188,1.0,0
17523,1673,0,158,1.0,0
17529,465,1,195,1.0,0
17534,1674,0,174,1.0,0
17561,1675,0,191,1.0,0
17575,1676,0,142,1.0,0
17607,132,1,93,1.0,0
17644,1677,0,185,1.0,0
17666,1678,0,208,1.0,0
17688,1679,0,226,1.0,0
17715,1680,0,175,1.0,0
17731,1681,0,142,1.0,0
17749,1682,0,52,1.0,0
17769,125,1,104,1.0,0
17790,1683,0,237,1.0,0
17796,125,1,196,1.0,0
17806,1684,0,144,1.0,0
17842,1685,0,175,1.0,0
17851,122,1,196,1.0,0
17882,1686,0,241,1.0,0
17895,1687,0,227,1.0,0
17898,1688,0,229,1.0,0
17902,1689,0,42,1.0,0
17945,1690,0,39,1.0,0
18047,1691,0,55,1.0,0
18049,1692,0,241,1.0,0
18061,1693,0,131,1.0,0
18093,122,1,248,1.0,0
18104,1694,0,200,1.0,0
18124,1695,0,196,1.0,0
18132,1696,0,239,1.0,0
18168,1697,0,41,1.0,0
18195,116,1,120,1.0,0
18197,1698,0,49,1.0,0
18288,1699,0,39,1.0,0
18356,423,1,53,1.0,0
18377,170,1,227,1.0,0
18419,1700,0,44,1.0,0
18445,1,1,5,1.0,0
18471,1701,0,251,1.0,0
18482,1702,0,55,1.0,0
18530,499,1,100,1.0,0
18533,60,1,81,1.0,0
18542,1703,0,45,1.0,0
18625,499,1,192,1.0,0
18628,1704,0,126,1.0,0
18787,132,1,142,1.0,0
18854,1705,0,55,1.0,0
18923,1706,0,121,1.0,0
18933,1707,0,55,1.0,0
18971,1708,0,195,1.0,0
18973,1709,0,26,1.0,0
18981,1710,0,241,1.0,0
18982,1711,0,175,1.0,0
18995,301,1,134,1.0,0
19044,1712,0,27,1.0,0
19091,204,1,87,1.0,0
19128,1713,0,22,1.0,0
19130,1714,0,100,1.0,0
19139,1715,0,22,1.0,0
19204,1716,0,138,1.0,0
19212,1717,0,211,1.0,0
19338,1718,0,89,1.0,0
19360,182,1,188,1.0,0
19373,29,1,49,1.0,0
19378,1719,0,23,1.0,0
19410,1720,0,127,1.0,0
19444,226,1,118,1.0,0
19478,1721,0,198,1.0,0
19488,132,1,103,1.0,0
19492,1722,0,159,1.0,0
19504,1723,0,238,1.0,0
19505,1724,0,100,1.0,0
19532,1725,0,13,1.0,0
19594,31,1,89,1.0,0
19656,116,1,241,1.0,0
19700,1726,0,163,1.0,0
19715,1727,0,117,1.0,0
19733,1728,0,100,1.0,0
19766,1729,0,55,1.0,0
19768,1730,0,55,1.0,0
19773,1731,0,55,1.0,0
19792,1732,0,179,1.0,0
19812,1733,0,55,1.0,0
19817,1734,0,49,1.0,0
19895,1735,0,88,1.0,0
19896,1736,0,88,1.0,0
19921,1737,0,196,1.0,0
19929,1738,0,96,1.0,0
19961,1739,0,42,1.0,0
19976,1740,0,5,1.0,0
20017,378,1,147,1.0,0
20044,32,1,205,1.0,0
20104,1741,0,118,1.0,0
20187,1742,0,50,1.0,0
20211,1743,0,198,1.0,0
20247,1744,0,164,1.0,0
20321,57,1,210,1.0,0
20337,1745,0,186,1.0,0
20357,190,1,231,1.0,0
20370,1746,0,100,1.0,0
20382,1747,0,13,1.0,0
20390,1748,0,119,1.0,0
20438,1749,0,248,1.0,0
20449,192,1,87,1.0,0
20454,33,1,120,1.0,0
20539,1750,0,120,1.0,0
20559,170,1,8,1.0,0
20569,1751,0,255,1.0,0
20574,1752,0,163,1.0,0
20654,1753,0,147,1.0,0
20663,1754,0,238,1.0,0
20711,1755,0,122,1.0,0
20745,1756,0,13,1.0,0
20755,1757,0,22,1.0,0
20854,1758,0,195,1.0,0
20859,1759,0,187,1.0,0
20865,1760,0,121,1.0,0
20932,1761,0,104,1.0,0
20966,1762,0,227,1.0,0
21013,89,1,160,1.0,0
21017,1763,0,175,1.0,0
21042,1764,0,187,1.0,0
21081,1765,0,58,1.0,0
21091,1766,0,210,1.0,0
21123,1767,0,139,1.0,0
21139,1768,0,93,1.0,0
21167,1769,0,200,1.0,0
21211,132,1,22,1.0,0
21221,1770,0,74,1.0,0
21222,1771,0,13,1.0,0
21287,1772,0,50,1.0,0
21294,1773,0,27,1.0,0
21295,1774,0,27,1.0,0
21333,1775,0,24,1.0,0
21408,1776,0,138,1.0,0
21412,114,1,206,1.0,0
21417,1777,0,231,1.0,0
21478,1778,0,42,1.0,0
21509,56,1,248,1.0,0
21542,1779,0,74,1.0,0
21550,1780,0,229,1.0,0
21573,340,1,87,1.0,0
21583,1781,0,191,1.0,0
21671,1782,0,122,1.0,0
21673,88,1,42,1.0,0
21737,1783,0,202,1.0,0
21779,56,1,107,1.0,0
21787,1784,0,169,1.0,0
21799,1785,0,55,1.0,0
21889,1786,0,228,1.0,0
21955,1787,0,195,1.0,0
22008,1788,0,222,1.0,0
22225,1789,0,175,1.0,0
22256,1790,0,142,1.0,0
22296,1791,0,195,1.0,0
22402,1792,0,78,1.0,0
22596,122,1,210,1.0,0
22613,1793,0,55,1.0,0
22630,1794,0,100,1.0,0
22638,1795,0,60,1.0,0
22652,1796,0,248,1.0,0
22660,1797,0,50,1.0,0
22662,1798,0,114,1.0,0
22703,1799,0,100,1.0,0
22716,1800,0,151,1.0,0
22732,319,1,159,1.0,0
22774,1801,0,100,1.0,0
22775,1802,0,175,1.0,0
22811,179,1,246,1.0,0
22861,319,1,49,1.0,0
22910,582,1,237,1.0,0
22932,1803,0,60,1.0,0
23016,1804,0,167,1.0,0
23022,1805,0,178,1.0,0
23048,155,1,130,1.0,0
23055,1806,0,165,1.0,0
23145,1807,0,50,1.0,0
23184,1808,0,239,1.0,0
23206,1809,0,200,1.0,0
23223,1810,0,100,1.0,0
23247,1811,0,175,1.0,0
23287,1812,0,184,1.0,0
23351,1813,0,114,1.0,0
23428,1814,0,42,1.0,0
23433,1815,0,164,1.0,0
23568,1816,0,119,1.0,0
23594,1817,0,13,1.0,0
23677,1818,0,27,1.0,0
23736,1819,0,54,1.0,0
23772,1820,0,198,1.0,0
23941,1821,0,94,1.0,0
24006,1822,0,100,1.0,0
24117,1823,0,13,1.0,0
24173,1824,0,22,1.0,0
24191,1825,0,13,1.0,0
24206,306,1,241,1.0,0
24217,306,1,144,1.0,0
24302,1826,0,221,1.0,0
24311,1827,0,14,1.0,0
24326,1828,0,163,1.0,0
24355,1829,0,27,1.0,0
24387,1830,0,195,1.0,0
24484,1831,0,254,1.0,0
24556,366,1,171,1.0,0
24579,1832,0,49,1.0,0
24611,1833,0,216,1.0,0
24654,1834,0,138,1.0,0
24729,1835,0,167,1.0,0
24790,1836,0,55,1.0,0
24795,1837,0,137,1.0,0
24917,1838,0,229,1.0,0
24938,132,1,144,1.0,0
24944,1839,0,239,1.0,0
24949,1840,0,159,1.0,0
24950,1841,0,234,1.0,0
25096,1842,0,100,1.0,0
25154,340,1,120,1.0,0
25161,1843,0,119,1.0,0
25170,1844,0,37,1.0,0
25188,1845,0,111,1.0,0
25202,1846,0,240,1.0,0
25203,1847,0,119,1.0,0
25211,1848,0,190,1.0,0
25373,1849,0,67,1.0,0
25573,1850,0,258,1.0,0
25588,1851,0,100,1.0,0
25699,307,1,108,1.0,0
25729,165,1,257,1.0,0
25821,1852,0,126,1.0,0
25886,1853,0,153,1.0,0
25888,1854,0,58,1.0,0
25893,1855,0,238,1.0,0
25917,1856,0,130,1.0,0
25929,1857,0,241,1.0,0
25991,1858,0,119,1.0,0
26047,4,1,77,1.0,0
26064,1859,0,94,1.0,0
26070,1860,0,167,1.0,0
26082,1861,0,50,1.0,0
26241,1862,0,191,1.0,0
26327,1863,0,119,1.0,0
26410,1864,0,27,1.0,0
26417,1865,0,205,1.0,0
26457,1866,0,40,1.0,0
26462,1867,0,56,1.0,0
26476,1868,0,137,1.0,0
26516,1869,0,144,1.0,0
26612,306,1,21,1.0,0
26731,1870,0,181,1.0,0
26762,1871,0,119,1.0,0
26766,1872,0,237,1.0,0
27096,1873,0,120,1.0,0
27108,1874,0,145,1.0,0
27111,301,1,55,1.0,0
27112,1875,0,67,1.0,0
27141,1876,0,50,1.0,0
27208,70,1,137,1.0,0
27236,1877,0,5,1.0,0
27274,366,1,137,1.0,0
27301,165,1,104,1.0,0
27307,165,1,87,1.0,0
27409,31,1,93,1.0,0
27440,1878,0,200,1.0,0
27452,1879,0,131,1.0,0
27453,1880,0,55,1.0,0
27456,1881,0,55,1.0,0
27465,152,1,172,1.0,0
27477,135,1,42,1.0,0
27615,1882,0,90,1.0,0
27616,1883,0,182,1.0,0
27617,1884,0,90,1.0,0
27737,1885,0,120,1.0,0
27786,1886,0,175,1.0,0
27792,1887,0,195,1.0,0
27802,1888,0,175,1.0,0
27824,1889,0,183,1.0,0
27851,1890,0,196,1.0,0
27975,88,1,5,1.0,0
27978,1891,0,175,1.0,0
27991,1892,0,109,1.0,0
28055,114,1,104,1.0,0
28201,1893,0,74,1.0,0
28240,1894,0,44,1.0,0
28246,1895,0,138,1.0,0
28301,1896,0,50,1.0,0
28353,131,1,79,1.0,0
28405,1897,0,55,1.0,0
28427,1898,0,175,1.0,0
28539,1899,0,40,1.0,0
28634,1900,0,30,1.0,0
28768,1901,0,242,1.0,0
28781,1902,0,233,1.0,0
28839,1903,0,187,1.0,0
28868,165,1,128,1.0,0
28940,1904,0,55,1.0,0
29008,1905,0,55,1.0,0
29138,1906,0,119,1.0,0
29149,1907,0,61,1.0,0
29199,1908,0,90,1.0,0
29331,1909,1,100,1.0,0
29364,191,1,72,1.0,0
29471,1910,0,74,1.0,0
29504,1911,0,118,1.0,0
29505,1912,0,210,1.0,0
29525,1913,0,119,1.0,0
29565,1914,0,227,1.0,0
29583,1915,0,42,1.0,0
29816,1916,0,55,1.0,0
29836,1917,0,170,1.0,0
29908,114,1,42,1.0,0
30046,1918,0,55,1.0,0
30154,1919,0,55,1.0,0
30181,1920,0,37,1.0,0
30451,1921,0,13,1.0,0
30594,1922,0,210,1.0,0
30613,33,1,130,1.0,0
30822,1923,0,18,1.0,0
30828,1924,0,18,1.0,0
30830,1925,0,100,1.0,0
30839,559,1,42,1.0,0
30957,1926,0,70,1.0,0
31125,1927,0,118,1.0,0
31215,1928,0,99,1.0,0
31261,1929,0,55,1.0,0
31322,499,1,229,1.0,0
31379,1930,0,61,1.0,0
31382,1931,0,50,1.0,0
31616,1932,0,49,1.0,0
31720,1933,0,231,1.0,0
31810,51,1,142,1.0,0
31825,1934,0,119,1.0,0
31855,165,1,137,1.0,0
32056,1935,0,175,1.0,0
32186,1936,0,114,1.0,0
32192,804,1,229,1.0,0
32240,60,1,159,1.0,0
32315,1937,0,50,1.0,0
32319,1938,0,50,1.0,0
32430,1939,0,55,1.0,0
32598,152,1,21,1.0,0
32623,1940,0,229,1.0,0
32653,542,1,59,1.0,0
32940,170,1,84,1.0,0
32968,1941,0,14,1.0,0
33023,1942,0,216,1.0,0
33255,1943,0,55,1.0,0
33262,1944,0,170,1.0,0
33319,1945,0,210,1.0,0
33376,70,1,40,1.0,0
33464,1946,0,58,1.0,0
33491,1947,0,98,1.0,0
33551,1948,0,191,1.0,0
33614,301,1,138,1.0,0
33653,423,1,200,1.0,0
33800,351,1,150,1.0,0
33865,1949,0,49,1.0,0
33909,1950,0,55,1.0,0
33984,1951,0,216,1.0,0
34151,89,1,215,1.0,0
34388,1952,0,206,1.0,0
34478,340,1,211,1.0,0
34634,1953,0,216,1.0,0
34642,1954,0,188,1.0,0
34757,1955,0,100,1.0,0
34768,1956,0,215,1.0,0
34778,1957,0,61,1.0,0
34792,1958,0,167,1.0,0
34821,1959,0,62,1.0,0
35073,1960,0,119,1.0,0
35180,1961,0,104,1.0,0
35242,1962,0,22,1.0,0
35424,1963,0,28,1.0,0
35433,1964,0,49,1.0,0
35641,1965,0,74,1.0,0
35681,1966,0,100,1.0,0
35729,1967,0,205,1.0,0
35730,1968,0,55,1.0,0
35913,1969,0,148,1.0,0
35922,1970,0,224,1.0,0
35932,1971,0,22,1.0,0
36005,1972,0,214,1.0,0
36035,1279,1,54,1.0,0
36043,1973,0,92,1.0,0
36047,1974,0,176,1.0,0
36051,1279,1,198,1.0,0
36096,1975,0,81,1.0,0
36108,1976,0,87,1.0,0
36160,1977,0,58,1.0,0
36170,1978,0,57,1.0,0
36198,1979,0,243,1.0,0
36205,1980,0,26,1.0,0
36256,1981,0,253,1.0,0
36314,152,1,182,1.0,0
36315,152,1,229,1.0,0
36358,1982,0,182,1.0,0
36460,1983,0,79,1.0,0
36515,165,1,12,1.0,0
36572,1984,0,172,1.0,0
36798,1985,0,38,1.0,0
36816,1986,0,205,1.0,0
36841,1987,0,55,1.0,0
36892,1988,0,167,1.0,0
36899,190,1,36,1.0,0
36900,1989,0,194,1.0,0
36930,1990,0,114,1.0,0
37190,1991,0,158,1.0,0
37288,1992,0,119,1.0,0
37304,1993,0,74,1.0,0
37435,1994,0,222,1.0,0
37506,1995,0,123,1.0,0
37690,1996,0,180,1.0,0
37726,1997,0,117,1.0,0
37736,1998,0,167,1.0,0
37744,1024,1,182,1.0,0
37795,1999,0,237,1.0,0
38044,2000,0,70,1.0,0
38120,132,1,241,1.0,0
38181,2001,0,100,1.0,0
38190,2002,0,215,1.0,0
38235,2003,0,131,1.0,0
38416,2004,0,42,1.0,0
38482,2005,0,171,1.0,0
38483,2006,0,199,1.0,0
38507,2007,0,66,1.0,0
38534,2008,0,90,1.0,0
38686,2009,0,128,1.0,0
38715,60,1,251,1.0,0
38748,2010,0,137,1.0,0
38874,2011,0,79,1.0,0
38951,2012,0,182,1.0,0
38969,1096,1,42,1.0,0
39174,2013,0,167,1.0,0
39394,2014,0,43,1.0,0
39415,2015,0,43,1.0,0
39446,2016,0,100,1.0,0
39627,152,1,36,1.0,0
39634,152,1,256,1.0,0
39661,152,1,203,1.0,0
39752,152,1,13,1.0,0
40109,2017,0,158,1.0,0
40482,2018,0,14,1.0,0
40552,2019,0,182,1.0,0
40610,423,1,70,1.0,0
40851,2020,0,37,1.0,0
41155,2021,0,70,1.0,0
41161,2022,0,229,1.0,0
41165,2023,0,66,1.0,0
41213,2024,0,175,1.0,0
41242,2025,0,47,1.0,0
41313,2026,0,128,1.0,0
41314,2027,0,165,1.0,0
41316,2028,0,9,1.0,0
41317,2029,0,21,1.0,0
41318,2030,0,167,1.0,0
41499,2031,0,237,1.0,0
41511,2032,0,104,1.0,0
41810,2033,0,111,1.0,0
41811,2034,0,70,1.0,0
41812,2035,0,59,1.0,0
41820,2036,0,118,1.0,0
41824,2037,0,229,1.0,0
41828,2038,0,77,1.0,0
41832,2039,0,188,1.0,0
41981,2040,0,55,1.0,0
42008,2041,0,13,1.0,0
42010,2042,0,55,1.0,0
42016,2043,0,70,1.0,0
42027,2044,0,182,1.0,0
42045,2045,0,59,1.0,0
42204,2046,0,200,1.0,0
42207,114,1,137,1.0,0
42437,2047,0,208,1.0,0
42811,2048,0,208,1.0,0
42817,89,1,199,1.0,0
42822,2049,0,99,1.0,0
42831,2050,0,159,1.0,0
42839,2051,0,74,1.0,0
42864,2052,0,49,1.0,0
42867,2053,0,80,1.0,0
42869,2054,0,89,1.0,0
42896,2055,0,70,1.0,0
42993,2056,0,174,1.0,0
43055,2057,0,210,1.0,0
43141,2058,0,21,1.0,0
43147,2059,0,95,1.0,0
43363,2060,0,97,1.0,0
43373,2061,0,186,1.0,0
43452,2062,0,169,1.0,0
43488,2063,0,175,1.0,0
43489,2064,0,186,1.0,0
43862,1909,1,238,1.0,0
43863,1909,1,95,1.0,0
43866,1909,1,72,1.0,0
43868,2065,0,82,1.0,0
43869,2066,0,49,1.0,0
43870,2067,0,196,1.0,0
43871,2068,0,196,1.0,0
43872,2069,0,19,1.0,0
44158,1909,1,240,1.0,0
44285,1909,1,25,1.0,0
44469,2070,0,119,1.0,0
44470,2071,0,228,1.0,0
44471,2072,0,202,1.0,0
44472,2073,0,37,1.0,0
44473,2074,0,27,1.0,0
44474,2075,0,24,1.0,0
44477,2076,0,68,1.0,0
44478,2077,0,238,1.0,0
44488,2078,0,198,1.0,0
44518,2079,0,77,1.0,0
44535,2080,0,64,1.0,0
44543,2081,0,157,1.0,0
44552,165,1,36,1.0,0
44577,2082,0,153,1.0,0
44605,2083,0,157,1.0,0
44670,2084,0,250,1.0,0
45026,2085,0,29,1.0,0
45033,2086,0,100,1.0,0
45081,2087,0,188,1.0,0
45217,2088,0,220,1.0,0
45218,2089,0,250,1.0,0
45219,2090,0,214,1.0,0
45220,2091,0,246,1.0,0
45225,2092,0,119,1.0,0
45226,2093,0,200,1.0,0
45229,2094,0,249,1.0,0
45230,2095,0,175,1.0,0
45234,2096,0,158,1.0,0
45239,2097,0,199,1.0,0
45244,2098,0,60,1.0,0
45430,2099,0,142,1.0,0
45750,2100,0,175,1.0,0
46117,1279,1,84,1.0,0
46121,2101,0,101,1.0,0
46128,2102,0,29,1.0,0
46129,1024,1,118,1.0,0
46176,1024,1,70,1.0,0
46225,2103,0,13,1.0,0
46319,2104,0,131,1.0,0
46392,1024,1,196,1.0,0
46412,2105,0,20,1.0,0
46609,2106,0,32,1.0,0
46653,2107,0,126,1.0,0
46669,2108,0,143,1.0,0
